"Module","ModuleFamily","Entity","FeatureAction","ActionKind","HttpMethod","RouteExpression","PermissionExpression","PermissionReference","EndpointFile","Line"
"Auth","Auth and security","Authentication","ChangePassword","Workflow","POST","""/api/v1/auth/change-password"", async (ChangePasswordRequest request, ISender sender) =>","","","src/Modules/Auth/Auth/Users/Features/Authentication/ChangePassword/ChangePasswordEndPoint.cs","13"
"Auth","Auth and security","Authentication","ConfirmOTP","Workflow","POST","""/api/v1/auth/confirm-otp"", async (ConfirmOTPRequest request, ISender sender) =>","","","src/Modules/Auth/Auth/Users/Features/Authentication/ConfirmOTP/ConfirmOTPEndPoint.cs","10"
"Auth","Auth and security","Authentication","GenerateResetPasswordOTP","Workflow","POST","""/api/v1/catalog/auth/reset-password-phone"", async (GenerateResetPasswordOTPRequest request, ISender sender) =>","","","src/Modules/Auth/Auth/Users/Features/Authentication/GenerateResetPasswordOTP/GenerateResetPasswordOTPEndPoint.cs","30"
"Auth","Auth and security","Authentication","GenerateResetPasswordOTP","Workflow","POST","""/api/v1/auth/reset-password"", async (GenerateResetPasswordOTPRequest request, ISender sender) =>","","","src/Modules/Auth/Auth/Users/Features/Authentication/GenerateResetPasswordOTP/GenerateResetPasswordOTPEndPoint.cs","15"
"Auth","Auth and security","Authentication","Login","Workflow","POST","""/api/v1/auth/login"", async (LoginRequest request, ISender sender) =>","","","src/Modules/Auth/Auth/Users/Features/Authentication/Login/LoginEndPoint.cs","11"
"Auth","Auth and security","Authentication","RegisterUser","Workflow","POST","""/api/v1/auth/register"", async (RegisterUserRequest request, ISender sender) =>","","","src/Modules/Auth/Auth/Users/Features/Authentication/RegisterUser/RegisterUserEndPoint.cs","10"
"Auth","Auth and security","Authentication","ValidateRefreshToken","Workflow","POST","""/api/v1/auth/refresh-token"", async (RefreshTokenRequest request, ISender sender) =>","","","src/Modules/Auth/Auth/Users/Features/Authentication/ValidateRefreshToken/RefreshTokenEndPoint.cs","9"
"Auth","Auth and security","IsAlive","IsAlive","View/List","GET","""/"", async () =>","","","src/Modules/Auth/Auth/Users/Features/IsAlive/IsAliveEndpoint.cs","7"
"Auth","Auth and security","Roles","CreateRole","Workflow","POST","""/api/v1/auth/roles"", async (CreateRoleRequest request, ISender sender) =>","PermissionList.RolesPermissions.Create","RolesPermissions.Create","src/Modules/Auth/Auth/Users/Features/Roles/CreateRole/CreateRoleEndpoint.cs","10"
"Auth","Auth and security","Roles","DeleteRole","Workflow","DELETE","""/api/v1/auth/roles/{roleName}"", async ([FromRoute] string roleName, [FromServices] ISender sender) =>","PermissionList.RolesPermissions.Delete","RolesPermissions.Delete","src/Modules/Auth/Auth/Users/Features/Roles/DeleteRole/DeleteRoleEndpoint.cs","11"
"Auth","Auth and security","Roles","GetRoleByName","Workflow","GET","""/api/v1/auth/roles/{roleName}"", async (string roleName, ISender sender) =>","PermissionList.RolesPermissions.View","RolesPermissions.View","src/Modules/Auth/Auth/Users/Features/Roles/GetRoleByName/GetRoleByNameEndpoint.cs","8"
"Auth","Auth and security","Roles","GetRoles","Workflow","GET","""/api/v1/auth/roles/company/{companyId}"", async ([FromRoute] Guid companyId, ISender sender) =>","PermissionList.RolesPermissions.View","RolesPermissions.View","src/Modules/Auth/Auth/Users/Features/Roles/GetRoles/GetRolesEndpoint.cs","11"
"Auth","Auth and security","Roles","GetRolesByUserName","Workflow","GET","""/api/v1/auth/roles/GetByUserName/{userName}"", async (string userName, ISender sender) =>","PermissionList.RolesPermissions.View","RolesPermissions.View","src/Modules/Auth/Auth/Users/Features/Roles/GetRolesByUserName/GetRolesByUserNameEndpoint.cs","9"
"Auth","Auth and security","Users","AssignRoleToUser","Workflow","POST","""/api/v1/auth/Users/AssignRole"", async (AssignRoleToUserRequest request, ISender sender) =>","PermissionList.UsersPermissions.Create","UsersPermissions.Create","src/Modules/Auth/Auth/Users/Features/Users/AssignRoleToUser/AssignRoleToUserEndpoint.cs","9"
"Auth","Auth and security","Users","GetByUserName","Workflow","GET","""/api/v1/auth/users/GetByUserName/{userName}"", async (string userName, ISender sender) =>","PermissionList.UsersPermissions.View","UsersPermissions.View","src/Modules/Auth/Auth/Users/Features/Users/GetByUserName/GetByUserNameEndpoint.cs","13"
"Auth","Auth and security","Users","GetUsersByCompany","Workflow","GET","""/api/v1/auth/Users/company/{companyId}"", async ([FromRoute] Guid companyId, [AsParameters] PaginationRequest request, [FromServices] ISender sender) =>","PermissionList.UsersPermissions.View","UsersPermissions.View","src/Modules/Auth/Auth/Users/Features/Users/GetUsersByCompany/GetUsersGetUsersByCompanyEndpoint.cs","12"
"Auth","Auth and security","Users","UnassignRoleFromUser","Workflow","POST","""/api/v1/auth/users/unassignRole"", async (UnassignRoleFromUserRequest request, ISender sender) =>","PermissionList.UsersPermissions.Delete","UsersPermissions.Delete","src/Modules/Auth/Auth/Users/Features/Users/UnassignRoleFromUser/UnassignRoleFromUserEndPoint.cs","9"
"Cart","Sales, POS, and orders","AddCartLine","AddCartLine","Workflow","POST","""/api/v1/cart/carts/{id}/lines"", async (Guid id, AddCartLineRequest request, ISender sender) =>","PermissionList.CartPermissions.Edit","CartPermissions.Edit","src/Modules/Cart/Cart/Carts/Features/AddCartLine/AddCartLineEndpoint.cs","10"
"Cart","Sales, POS, and orders","CheckoutCart","CheckoutCart","Workflow","POST","""/api/v1/cart/carts/{id}/checkout"", async (Guid id, CheckoutCartRequest? request, ISender sender) =>","PermissionList.CartPermissions.Checkout","CartPermissions.Checkout","src/Modules/Cart/Cart/Carts/Features/CheckoutCart/CheckoutCartEndpoint.cs","10"
"Cart","Sales, POS, and orders","ClearCart","ClearCart","Workflow","DELETE","""/api/v1/cart/carts/{id}/lines"", async (Guid id, ISender sender) =>","PermissionList.CartPermissions.Edit","CartPermissions.Edit","src/Modules/Cart/Cart/Carts/Features/ClearCart/ClearCartEndpoint.cs","9"
"Cart","Sales, POS, and orders","CreateCart","CreateCart","Workflow","POST","""/api/v1/cart/carts"", async (CreateCartRequest request, ISender sender) =>","PermissionList.CartPermissions.Create","CartPermissions.Create","src/Modules/Cart/Cart/Carts/Features/CreateCart/CreateCartEndpoint.cs","10"
"Cart","Sales, POS, and orders","GetCartById","GetCartById","Workflow","GET","""/api/v1/cart/carts/{id}"", async (Guid id, ISender sender) =>","PermissionList.CartPermissions.View","CartPermissions.View","src/Modules/Cart/Cart/Carts/Features/GetCartById/GetCartByIdEndpoint.cs","9"
"Cart","Sales, POS, and orders","RemoveCartLine","RemoveCartLine","Workflow","DELETE","""/api/v1/cart/carts/{id}/lines/{lineId}"", async (Guid id, Guid lineId, ISender sender) =>","PermissionList.CartPermissions.Edit","CartPermissions.Edit","src/Modules/Cart/Cart/Carts/Features/RemoveCartLine/RemoveCartLineEndpoint.cs","9"
"Cart","Sales, POS, and orders","UpdateCartLine","UpdateCartLine","Workflow","PUT","""/api/v1/cart/carts/{id}/lines/{lineId}"", async (Guid id, Guid lineId, UpdateCartLineRequest request, ISender sender) =>","PermissionList.CartPermissions.Edit","CartPermissions.Edit","src/Modules/Cart/Cart/Carts/Features/UpdateCartLine/UpdateCartLineEndpoint.cs","10"
"Catalog","Catalog and pricing","Brands","CreateBrand","Workflow","POST","""/api/v1/catalog/Brands"", async (CreateBrandRequest request, ISender sender) =>","$""{PermissionList.BrandPermissions.Create}""","BrandPermissions.Create","src/Modules/Catalog/Catalog/Products/Features/Brands/CreateBrand/CreateBrandEndPoint.cs","12"
"Catalog","Catalog and pricing","Brands","GetBrandById","Workflow","GET","""/api/v1/catalog/brands/{id}"", async (Guid id, ISender sender) =>","PermissionList.BrandPermissions.View","BrandPermissions.View","src/Modules/Catalog/Catalog/Products/Features/Brands/GetBrandById/GetBrandByIdEndPoint.cs","10"
"Catalog","Catalog and pricing","Brands","GetBrands","Workflow","GET","""/api/v1/catalog/Brands"", async ([AsParameters] PaginationRequest request,ISender sender) =>","PermissionList.BrandPermissions.View","BrandPermissions.View","src/Modules/Catalog/Catalog/Products/Features/Brands/GetBrands/GetBrandsEndPoint.cs","10"
"Catalog","Catalog and pricing","Brands","GetBrandsByCompanyId","View/List","GET","""/api/v1/catalog/brands/company/{companyId}"",","PermissionList.BrandPermissions.View","BrandPermissions.View","src/Modules/Catalog/Catalog/Products/Features/Brands/GetBrandsByCompanyId/GetBrandsByCompanyIdEndpoint.cs","10"
"Catalog","Catalog and pricing","Brands","RemoveBrand","Workflow","DELETE","""/api/v1/catalog/brands/{id}"", async ([FromRoute]Guid id,[FromServices] ISender sender) =>","$""{PermissionList.BrandPermissions.Delete}""","BrandPermissions.Delete","src/Modules/Catalog/Catalog/Products/Features/Brands/RemoveBrand/RemoveBrandEndPoint.cs","10"
"Catalog","Catalog and pricing","Brands","UpdateBrand","Workflow","PUT","""/api/v1/catalog/brands"", async (UpdateBrandRequest request, ISender sender) =>","$""{PermissionList.BrandPermissions.Edit}""","BrandPermissions.Edit","src/Modules/Catalog/Catalog/Products/Features/Brands/UpdateBrand/UpdateBrandEndPoint.cs","11"
"Catalog","Catalog and pricing","Categories","CreateCategory","Workflow","POST","""/api/v1/catalog/categories"", async (CreateCategoryRequest request, ISender sender) =>","$""{PermissionList.CategoryPermissions.Create}""","CategoryPermissions.Create","src/Modules/Catalog/Catalog/Products/Features/Categories/CreateCategory/CreateCategoryEndPoint.cs","14"
"Catalog","Catalog and pricing","Categories","GetCategories","Workflow","GET","""/api/v1/catalog/categories"", async ([AsParameters] PaginationRequest request, [FromServices] ISender sender) =>","PermissionList.CategoryPermissions.View","CategoryPermissions.View","src/Modules/Catalog/Catalog/Products/Features/Categories/GetCategories/GetCategoriesEndPoint.cs","11"
"Catalog","Catalog and pricing","Categories","GetCategoriesByCompany","Workflow","GET","""/api/v1/catalog/categories/company/{companyId}"", async ([FromRoute]Guid companyId,[AsParameters] PaginationRequest request, [FromServices] ISender sender) =>","PermissionList.CategoryPermissions.View","CategoryPermissions.View","src/Modules/Catalog/Catalog/Products/Features/Categories/GetCategoriesByCompany/GetCategoriesByCompanyEndpoint.cs","12"
"Catalog","Catalog and pricing","Categories","GetCategoryById","Workflow","GET","""/api/v1/catalog/Categories/{id}"", async (Guid id, ISender sender) =>","PermissionList.CategoryPermissions.View","CategoryPermissions.View","src/Modules/Catalog/Catalog/Products/Features/Categories/GetCategoryById/GetCategoryByIdEndPoint.cs","10"
"Catalog","Catalog and pricing","Categories","RemoveCategory","Workflow","DELETE","""/api/v1/catalog/categories/{id}"", async ([FromRoute]Guid id, [FromServices]ISender sender) =>","$""{PermissionList.CategoryPermissions.Delete}""","CategoryPermissions.Delete","src/Modules/Catalog/Catalog/Products/Features/Categories/RemoveCategory/RemoveCategoryEndPoint.cs","11"
"Catalog","Catalog and pricing","Categories","UpdateCategory","Workflow","PUT","""/api/v1/catalog/categories"", async (UpdateCategoryRequest request, ISender sender) =>","$""{PermissionList.CategoryPermissions.Edit}""","CategoryPermissions.Edit","src/Modules/Catalog/Catalog/Products/Features/Categories/UpdateCategory/UpdateCategoryEndPoint.cs","11"
"Catalog","Catalog and pricing","ProductPackages","CreateProductPackage","Workflow","POST","""/api/v1/catalog/packages"", async (AddProductPackageRequest request, ISender sender) =>","$""{PermissionList.ProductPackagePermissions.Create}""","ProductPackagePermissions.Create","src/Modules/Catalog/Catalog/Products/Features/ProductPackages/CreateProductPackage/CreateProductPackageEndPoint.cs","12"
"Catalog","Catalog and pricing","ProductPackages","GetProductPackageById","Workflow","GET","""/api/v1/catalog/packages/{id:guid}"", async ([FromRoute]Guid id,[FromServices] ISender sender) =>","PermissionList.ProductPackagePermissions.View","ProductPackagePermissions.View","src/Modules/Catalog/Catalog/Products/Features/ProductPackages/GetProductPackageById/GetProductPackageByIdEndPoint.cs","11"
"Catalog","Catalog and pricing","ProductPackages","GetProductPackages","Workflow","GET","""/api/v1/catalog/packages"", async ([AsParameters] PaginationRequest request, [FromServices] ISender sender) =>","PermissionList.ProductPackagePermissions.View","ProductPackagePermissions.View","src/Modules/Catalog/Catalog/Products/Features/ProductPackages/GetProductPackages/GetProductPackagesEndPoint.cs","11"
"Catalog","Catalog and pricing","ProductPackages","GetProductPackagesByCompany","Workflow","GET","""/api/v1/catalog/packages/company/{companyId}"", async ([FromRoute]Guid companyId,[AsParameters] PaginationRequest request, [FromServices] ISender sender) =>","PermissionList.ProductPackagePermissions.View","ProductPackagePermissions.View","src/Modules/Catalog/Catalog/Products/Features/ProductPackages/GetProductPackagesByCompany/GetProductPackagesByCompanyEndPoint.cs","11"
"Catalog","Catalog and pricing","ProductPackages","RemoveProductPackage","Workflow","DELETE","""/api/v1/catalog/packages/{id}"", async ([FromRoute] Guid id, [FromServices] ISender sender) =>","$""{PermissionList.ProductPackagePermissions.Delete}""","ProductPackagePermissions.Delete","src/Modules/Catalog/Catalog/Products/Features/ProductPackages/RemoveProductPackage/RemoveProductPackageEndPoint.cs","11"
"Catalog","Catalog and pricing","ProductPackages","UpdateProductPackage","Workflow","PUT","""/api/v1/catalog/packages"", async (UpdateProductPackageRequest request, ISender sender) =>","$""{PermissionList.ProductPackagePermissions.Edit}""","ProductPackagePermissions.Edit","src/Modules/Catalog/Catalog/Products/Features/ProductPackages/UpdateProductPackage/UpdateProductPackageEndPoint.cs","12"
"Catalog","Catalog and pricing","Products","AddProductSku","Workflow","POST","""/api/v1/catalog/products/skus"", async (AddProductSkuRequest request, ISender sender) =>","$""{PermissionList.ProductPermissions.Create}""","ProductPermissions.Create","src/Modules/Catalog/Catalog/Products/Features/Products/AddProductSku/AddProductSkuEndPoint.cs","11"
"Catalog","Catalog and pricing","Products","CreateProduct","Workflow","POST","""/api/v1/catalog/products"", async (CreateProductRequest request, ISender sender) =>","$""{PermissionList.ProductPermissions.Create}""","ProductPermissions.Create","src/Modules/Catalog/Catalog/Products/Features/Products/CreateProduct/CreateProductEndPoint.cs","11"
"Catalog","Catalog and pricing","Products","GetProductByCompany","View/List","GET","""/api/v1/catalog/products/company/{companyId}/priced"",","PermissionList.ProductPermissions.View","ProductPermissions.View","src/Modules/Catalog/Catalog/Products/Features/Products/GetProductByCompany/GetProductByCompanyEndpoint.cs","24"
"Catalog","Catalog and pricing","Products","GetProductByCompany","View/List","GET","""/api/v1/catalog/products/company/{companyId}"",","PermissionList.ProductPermissions.View","ProductPermissions.View","src/Modules/Catalog/Catalog/Products/Features/Products/GetProductByCompany/GetProductByCompanyEndpoint.cs","11"
"Catalog","Catalog and pricing","Products","GetProductById","Workflow","GET","""/api/v1/catalog/products/{id}"", async (Guid id, ISender sender) =>","PermissionList.ProductPermissions.Select","ProductPermissions.Select","src/Modules/Catalog/Catalog/Products/Features/Products/GetProductById/GetProductByIdEndPoint.cs","14"
"Catalog","Catalog and pricing","Products","GetProducts","Workflow","GET","""/api/v1/catalog/products"", async ([AsParameters]PaginationRequest request, [FromServices]ISender sender) =>","PermissionList.ProductPermissions.View","ProductPermissions.View","src/Modules/Catalog/Catalog/Products/Features/Products/GetProducts/GetProductsEndPoint.cs","10"
"Catalog","Catalog and pricing","Products","GetProductsByCategoryId","Workflow","GET","""/api/v1/catalog/products/GetByCategory/{categoryId}"", async ( [FromRoute] Guid categoryId,[AsParameters] PaginationRequest request,[FromServices] ISender sender) =>","PermissionList.ProductPermissions.View","ProductPermissions.View","src/Modules/Catalog/Catalog/Products/Features/Products/GetProductsByCategoryId/GetProductsByCategoryIdEndPoint.cs","11"
"Catalog","Catalog and pricing","Products","GetProductsByProductSKUIds","Workflow","POST","""/api/v1/catalog/products/getBySkuIds"", async (GetProductsByProductSKUIdsRequest request, [FromServices] ISender sender) =>","PermissionList.ProductPermissions.View","ProductPermissions.View","src/Modules/Catalog/Catalog/Products/Features/Products/GetProductsByProductSKUIds/GetProductsByProductSKUIdsEndPoint.cs","11"
"Catalog","Catalog and pricing","Products","GetProductSkuById","Workflow","GET","""/api/v1/catalog/products/skus/{id:guid}"", async (Guid id, ISender sender) =>","PermissionList.ProductPermissions.View","ProductPermissions.View","src/Modules/Catalog/Catalog/Products/Features/Products/GetProductSkuById/GetProductSkuByIdEndPoint.cs","10"
"Catalog","Catalog and pricing","Products","GetPublicStoreProductSkus","View/List","GET","""/api/v1/catalog/public/products/skus/filters"",","","","src/Modules/Catalog/Catalog/Products/Features/Products/GetPublicStoreProductSkus/GetPublicStoreProductSkusEndpoint.cs","25"
"Catalog","Catalog and pricing","Products","GetPublicStoreProductSkus","View/List","GET","""/api/v1/catalog/public/products/skus"",","","","src/Modules/Catalog/Catalog/Products/Features/Products/GetPublicStoreProductSkus/GetPublicStoreProductSkusEndpoint.cs","12"
"Catalog","Catalog and pricing","Products","RemoveProduct","Workflow","DELETE","""/api/v1/catalog/products/{id}"", async ([FromRoute] Guid id, [FromServices] ISender sender) =>","$""{PermissionList.ProductPermissions.Delete}""","ProductPermissions.Delete","src/Modules/Catalog/Catalog/Products/Features/Products/RemoveProduct/RemoveProductEndPoint.cs","10"
"Catalog","Catalog and pricing","Products","RemoveProductSku","Workflow","DELETE","""/api/v1/catalog/products/Skus/{id}"", async ([FromRoute] Guid id, [FromServices] ISender sender) =>","$""{PermissionList.ProductPermissions.Delete}""","ProductPermissions.Delete","src/Modules/Catalog/Catalog/Products/Features/Products/RemoveProductSku/RemoveProductSkuEndPoint.cs","11"
"Catalog","Catalog and pricing","Products","SearchProducts","Workflow","GET","""/api/v1/catalog/products/search/{searchTerm}"", async (string searchTerm, ISender sender) =>","PermissionList.ProductPermissions.View","ProductPermissions.View","src/Modules/Catalog/Catalog/Products/Features/Products/SearchProducts/SearchProductsEndPoint.cs","11"
"Catalog","Catalog and pricing","Products","UpdateProduct","Workflow","PUT","""/api/v1/catalog/products"", async (UpdateProductRequest request, ISender sender) =>","$""{PermissionList.ProductPermissions.Edit}""","ProductPermissions.Edit","src/Modules/Catalog/Catalog/Products/Features/Products/UpdateProduct/UpdateProductEndPoint.cs","12"
"Catalog","Catalog and pricing","Products","UpdateProductSku","Workflow","PUT","""/api/v1/catalog/products/skus"", async (UpdateProductSkuRequest request, ISender sender) =>","$""{PermissionList.ProductPermissions.Edit}""","ProductPermissions.Edit","src/Modules/Catalog/Catalog/Products/Features/Products/UpdateProductSku/UpdateProductSkuEndPoint.cs","11"
"Catalog","Catalog and pricing","Units","CreateUnit","Workflow","POST","""/api/v1/catalog/units"", async (CreateUnitRequest request, ISender sender) =>","$""{PermissionList.UnitPermissions.Create}""","UnitPermissions.Create","src/Modules/Catalog/Catalog/Products/Features/Units/CreateUnit/CreateUnitEndPoint.cs","12"
"Catalog","Catalog and pricing","Units","GetUnitById","Workflow","GET","""/api/v1/catalog/units/{id}"", async ([FromRoute] Guid id,[FromServices] ISender sender) =>","PermissionList.UnitPermissions.View","UnitPermissions.View","src/Modules/Catalog/Catalog/Products/Features/Units/GetUnitById/GetUnitByIdEndPoint.cs","11"
"Catalog","Catalog and pricing","Units","GetUnits","Workflow","GET","""/api/v1/catalog/units"", async ([AsParameters] PaginationRequest request, [FromServices] ISender sender) =>","PermissionList.UnitPermissions.View","UnitPermissions.View","src/Modules/Catalog/Catalog/Products/Features/Units/GetUnits/GetUnitsEndPoint.cs","11"
"Catalog","Catalog and pricing","Units","GetUnitsByComapny","Workflow","GET","""/api/v1/catalog/units/company/{companyId}"", async ([FromRoute]Guid companyId,[AsParameters] PaginationRequest request, [FromServices] ISender sender) =>","PermissionList.UnitPermissions.View","UnitPermissions.View","src/Modules/Catalog/Catalog/Products/Features/Units/GetUnitsByComapny/GetUnitsByComapnyEndpoint.cs","12"
"Catalog","Catalog and pricing","Units","RemoveUnit","Workflow","DELETE","""/api/v1/catalog/units/{id}"", async ([FromRoute] Guid id, [FromServices] ISender sender) =>","$""{PermissionList.UnitPermissions.Delete}""","UnitPermissions.Delete","src/Modules/Catalog/Catalog/Products/Features/Units/RemoveUnit/RemoveUnitEndpoint.cs","11"
"Catalog","Catalog and pricing","Units","UpdateUnit","Workflow","PUT","""/api/v1/catalog/units"", async (UpdateUnitRequest request, ISender sender) =>","$""{PermissionList.UnitPermissions.Edit}""","UnitPermissions.Edit","src/Modules/Catalog/Catalog/Products/Features/Units/UpdateUnit/UpdateUnitEndPoint.cs","12"
"Catalog","Catalog and pricing","Variants","CreateVariant","Workflow","POST","""/api/v1/catalog/variants"", async (CreateVariantRequest request, ISender sender) =>","$""{PermissionList.VariantPermissions.Create}""","VariantPermissions.Create","src/Modules/Catalog/Catalog/Products/Features/Variants/CreateVariant/CreateVariantEndPoint.cs","12"
"Catalog","Catalog and pricing","Variants","GetVariantByCompany","Workflow","GET","""/api/v1/catalog/variants/company/{companyId}"", async (Guid companyId, [AsParameters] PaginationRequest paginationRequest, ISender sender) =>","PermissionList.VariantPermissions.View","VariantPermissions.View","src/Modules/Catalog/Catalog/Products/Features/Variants/GetVariantByCompany/GetVariantByCompanyEndpoint.cs","11"
"Catalog","Catalog and pricing","Variants","GetVariantById","Workflow","GET","""/api/v1/catalog/variants/{id}"", async ([FromRoute] Guid id, [FromServices] ISender sender) =>","PermissionList.VariantPermissions.View","VariantPermissions.View","src/Modules/Catalog/Catalog/Products/Features/Variants/GetVariantById/GetVariantByIdEndPoint.cs","11"
"Catalog","Catalog and pricing","Variants","GetVariants","Workflow","GET","""/api/v1/catalog/variants"", async ([AsParameters] PaginationRequest request, [FromServices] ISender sender) =>","PermissionList.VariantPermissions.View","VariantPermissions.View","src/Modules/Catalog/Catalog/Products/Features/Variants/GetVariants/GetVariantsEndPoint.cs","13"
"Catalog","Catalog and pricing","Variants","RemoveVariant","Workflow","DELETE","""/api/v1/catalog/variants/{id}"", async ([FromRoute] Guid id, [FromServices] ISender sender) =>","$""{PermissionList.VariantPermissions.Delete}""","VariantPermissions.Delete","src/Modules/Catalog/Catalog/Products/Features/Variants/RemoveVariant/RemoveVariantEndPoint.cs","11"
"Catalog","Catalog and pricing","Variants","UpdateVariant","Workflow","PUT","""/api/v1/catalog/variants"", async (UpdateVariantRequest request, ISender sender) =>","$""{PermissionList.VariantPermissions.Edit}""","VariantPermissions.Edit","src/Modules/Catalog/Catalog/Products/Features/Variants/UpdateVariant/UpdateVariantEndPoint.cs","12"
"Customers","Customers","CustomerGroups","CreateCustomerGroup","Workflow","POST","""/api/v1/customers/customergroup/"", async (CreateCustomerGroupRequest request, ISender sender) =>","PermissionList.CustomerGroupPermissions.Create","CustomerGroupPermissions.Create","src/Modules/Customers/CustomersModule/Customers/Features/CustomerGroups/CreateCustomerGroup/CreateCustomerGroupEndpoint.cs","10"
"Customers","Customers","CustomerGroups","GetCustomerGroupByCompanyId","View/List","GET","""/api/v1/customers/customerGroup/company/{companyId}"",","PermissionList.CustomerGroupPermissions.View","CustomerGroupPermissions.View","src/Modules/Customers/CustomersModule/Customers/Features/CustomerGroups/GetCustomerGroupByCompanyId/GetCustomerGroupByCompanyIdEndpoint.cs","12"
"Customers","Customers","CustomerGroups","GetCustomerGroupById","Workflow","GET","""/api/v1/customers/customerGroup/{id}"", async (Guid id, ISender sender) =>","PermissionList.CustomerGroupPermissions.View","CustomerGroupPermissions.View","src/Modules/Customers/CustomersModule/Customers/Features/CustomerGroups/GetCustomerGroupById/GetCustomerGroupByIdEndpoint.cs","9"
"Customers","Customers","CustomerGroups","RemoveCustomerGroup","Workflow","DELETE","""/api/v1/customers/customerGroup/{id}"", async ([FromRoute] Guid id, [FromServices] ISender sender) =>","PermissionList.CustomerGroupPermissions.Delete","CustomerGroupPermissions.Delete","src/Modules/Customers/CustomersModule/Customers/Features/CustomerGroups/RemoveCustomerGroup/RemoveCustomerGroupEndpoint.cs","10"
"Customers","Customers","CustomerGroups","UpdateCustomerGroup","Workflow","PUT","""/api/v1/customers/customergroup"", async (UpdateCustomerGroupRequest request, ISender sender) =>","PermissionList.CustomerGroupPermissions.Edit","CustomerGroupPermissions.Edit","src/Modules/Customers/CustomersModule/Customers/Features/CustomerGroups/UpdateCustomerGroup/UpdateCustomerGroupEndpoint.cs","10"
"Customers","Customers","CustomerPricingProfiles","CreateCustomerPricingProfiles","Workflow","POST","""/api/v1/customers/customerPricingProfile"", async (CreateCustomerPricingProfilesRequest request, ISender sender) =>","PermissionList.CustomerPricingProfilePermissions.Create","CustomerPricingProfilePermissions.Create","src/Modules/Customers/CustomersModule/Customers/Features/CustomerPricingProfiles/CreateCustomerPricingProfiles/CreateCustomerPricingProfilesEndpoint.cs","9"
"Customers","Customers","CustomerPricingProfiles","GetCustomerPricingProfilesByCompanyId","View/List","GET","""/api/v1/customers/customerPricingProfile/company/{companyId}"",","PermissionList.CustomerPricingProfilePermissions.View","CustomerPricingProfilePermissions.View","src/Modules/Customers/CustomersModule/Customers/Features/CustomerPricingProfiles/GetCustomerPricingProfilesByCompanyId/GetCustomerPricingProfilesByCompanyIdEndpoint.cs","11"
"Customers","Customers","CustomerPricingProfiles","GetCustomerPricingProfilesById","Workflow","GET","""/api/v1/customers/customerPricingProfile/{id}"", async (Guid id, ISender sender) =>","PermissionList.CustomerPricingProfilePermissions.View","CustomerPricingProfilePermissions.View","src/Modules/Customers/CustomersModule/Customers/Features/CustomerPricingProfiles/GetCustomerPricingProfilesById/GetCustomerPricingProfilesByIdEndpoint.cs","9"
"Customers","Customers","CustomerPricingProfiles","RemoveCustomerPricingProfiles","Workflow","DELETE","""/api/v1/customers/customerPricingProfile/{id}"", async ([FromRoute] Guid id, ISender sender) =>","PermissionList.CustomerPricingProfilePermissions.Delete","CustomerPricingProfilePermissions.Delete","src/Modules/Customers/CustomersModule/Customers/Features/CustomerPricingProfiles/RemoveCustomerPricingProfiles/RemoveCustomerPricingProfilesEndpoint.cs","10"
"Customers","Customers","CustomerPricingProfiles","UpdateCustomerPricingProfiles","Workflow","PUT","""/api/v1/customers/customerPricingProfile"", async (UpdateCustomerPricingProfilesRequest request, ISender sender) =>","PermissionList.CustomerPricingProfilePermissions.Edit","CustomerPricingProfilePermissions.Edit","src/Modules/Customers/CustomersModule/Customers/Features/CustomerPricingProfiles/UpdateCustomerPricingProfiles/UpdateCustomerPricingProfilesEndpoint.cs","10"
"Customers","Customers","Customers","CreateCustomer","Workflow","POST","""/api/v1/customers/customer"", async (CreateCustomerRequest request, ISender sender) =>","PermissionList.CustomerPermissions.Create","CustomerPermissions.Create","src/Modules/Customers/CustomersModule/Customers/Features/Customers/CreateCustomer/CreateCustomerEndpoint.cs","11"
"Customers","Customers","Customers","GetCustomerById","Workflow","GET","""/api/v1/customers/customer/{id}"", async (Guid id, ISender sender) =>","PermissionList.CustomerPermissions.View","CustomerPermissions.View","src/Modules/Customers/CustomersModule/Customers/Features/Customers/GetCustomerById/GetCustomerByIdEndpoint.cs","8"
"Customers","Customers","Customers","GetCustomersByCompanyId","View/List","GET","""/api/v1/customers/customer/company/{companyId}"",","PermissionList.CustomerPermissions.View","CustomerPermissions.View","src/Modules/Customers/CustomersModule/Customers/Features/Customers/GetCustomersByCompanyId/GetCustomersByCompanyIdEndpoint.cs","11"
"Customers","Customers","Customers","RemoveCustomer","Workflow","DELETE","""/api/v1/customers/customer/{id}"", async ([FromRoute] Guid id, [FromServices] ISender sender) =>","PermissionList.CustomerPermissions.Delete","CustomerPermissions.Delete","src/Modules/Customers/CustomersModule/Customers/Features/Customers/RemoveCustomer/RemoveCustomerEndpoint.cs","10"
"Customers","Customers","Customers","UpdateCustomer","Workflow","PUT","""/api/v1/customers/customer"", async (UpdateCustomerRequest request, ISender sender) =>","PermissionList.CustomerPermissions.Edit","CustomerPermissions.Edit","src/Modules/Customers/CustomersModule/Customers/Features/Customers/UpdateCustomer/UpdateCustomerEndpoint.cs","9"
"Employee","HR employees","AcademicInstitutions","CreateAcademicInstitution","Workflow","POST","$""{Utils.URL_PATTERN}/{Utils.AcademicInstitution_Endpoint}"", async (CreateAcademicInstitutionRequest request, ISender sender) =>","PermissionList.AcademicInistitutionPermissions.Create","AcademicInistitutionPermissions.Create","src/Modules/Employee/EmployeeModule/Employees/Features/AcademicInstitutions/CreateAcademicInstitution/CreateAcademicInstitutionEndpoint.cs","11"
"Employee","HR employees","AcademicInstitutions","DeleteAcademicInstitution","Workflow","DELETE","$""{Utils.URL_PATTERN}/{Utils.AcademicInstitution_Endpoint}"" + ""/{id}"", async (Guid id, ISender sender) =>","PermissionList.AcademicInistitutionPermissions.Delete","AcademicInistitutionPermissions.Delete","src/Modules/Employee/EmployeeModule/Employees/Features/AcademicInstitutions/DeleteAcademicInstitution/DeleteAcademicInstitutionEndpoint.cs","10"
"Employee","HR employees","AcademicInstitutions","GetAcademicInstitutionById","Workflow","GET","$""{Utils.URL_PATTERN}/{Utils.AcademicInstitution_Endpoint}"" + ""/{id}"", async (Guid id, ISender sender) =>","PermissionList.AcademicInistitutionPermissions.View","AcademicInistitutionPermissions.View","src/Modules/Employee/EmployeeModule/Employees/Features/AcademicInstitutions/GetAcademicInstitutionById/GetAcademicInstitutionByIdEndPoint.cs","10"
"Employee","HR employees","AcademicInstitutions","GetAcademicInstitutionsByCompany","View/List","GET","$""{Utils.URL_PATTERN}/{Utils.AcademicInstitution_Endpoint}/company"" + ""/{companyId}"",","PermissionList.AcademicInistitutionPermissions.View","AcademicInistitutionPermissions.View","src/Modules/Employee/EmployeeModule/Employees/Features/AcademicInstitutions/GetAcademicInstitutionsByCompany/GetAcademicInstitutionsByCompanyEndpoint.cs","13"
"Employee","HR employees","AcademicInstitutions","UpdateAcademicInstitution","Edit","PUT","$""{Utils.URL_PATTERN}/{Utils.AcademicInstitution_Endpoint}"",","PermissionList.AcademicInistitutionPermissions.Edit","AcademicInistitutionPermissions.Edit","src/Modules/Employee/EmployeeModule/Employees/Features/AcademicInstitutions/UpdateAcademicInstitution/UpdateAcademicInstitutionEndpoint.cs","12"
"Employee","HR employees","Employees","ChangePosition","Workflow","PUT","$""{Utils.URL_PATTERN}/{Utils.Employee_Endpoint}/ChangePosition"", async (ChangePositionRequest request, ISender sender) =>","PermissionList.EmployeePermissions.Edit","EmployeePermissions.Edit","src/Modules/Employee/EmployeeModule/Employees/Features/Employees/ChangePosition/ChangePositionEndpoint.cs","11"
"Employee","HR employees","Employees","CreateEmployee","Workflow","POST","$""{Utils.URL_PATTERN}/{Utils.Employee_Endpoint}"", async (CreateEmployeeRequest request, ISender sender) =>","PermissionList.EmployeePermissions.Create","EmployeePermissions.Create","src/Modules/Employee/EmployeeModule/Employees/Features/Employees/CreateEmployee/CreateEmployeeEndpoint.cs","12"
"Employee","HR employees","Employees","DeleteEmployee","Workflow","DELETE","""/api/v1/Employee/Employees/{id}"", async ([FromRoute]Guid id,[FromServices] ISender sender) =>","PermissionList.EmployeePermissions.Delete","EmployeePermissions.Delete","src/Modules/Employee/EmployeeModule/Employees/Features/Employees/DeleteEmployee/DeleteEmployeeEndpoint.cs","10"
"Employee","HR employees","Employees","GetByPosition","Workflow","GET","$""{Utils.URL_PATTERN}/{Utils.Employee_Endpoint}/Position"" + ""/{positionId}"", async ([FromRoute] Guid positionId, [AsParameters] PaginationRequest request, [FromServices] ISender sender) =>","PermissionList.EmployeePermissions.View","EmployeePermissions.View","src/Modules/Employee/EmployeeModule/Employees/Features/Employees/GetByPosition/GetByPositionEndpoint.cs","14"
"Employee","HR employees","Employees","GetEmployeeById","Workflow","GET","$""{Utils.URL_PATTERN}/{Utils.Employee_Endpoint}"" + ""/{id}"", async (Guid id, ISender sender) =>","PermissionList.EmployeePermissions.View","EmployeePermissions.View","src/Modules/Employee/EmployeeModule/Employees/Features/Employees/GetEmployeeById/GetEmployeeByIdEndPoint.cs","11"
"Employee","HR employees","Employees","GetEmployeesByAdministrationId","Workflow","GET","$""{Utils.URL_PATTERN}/{Utils.Employee_Endpoint}/administration"" + ""/{administrationId}"", async ([FromRoute] Guid administrationId, [AsParameters] PaginationRequest request, ISender sender) =>","PermissionList.EmployeePermissions.View","EmployeePermissions.View","src/Modules/Employee/EmployeeModule/Employees/Features/Employees/GetEmployeesByAdministrationId/GetEmployeesByAdministrationIdEndpoint.cs","13"
"Employee","HR employees","Employees","GetEmployeesByBranchId","Workflow","GET","$""{Utils.URL_PATTERN}/{Utils.Employee_Endpoint}/Branch"" + ""/{branchId}"", async ([FromRoute] Guid branchId, [AsParameters] PaginationRequest request, ISender sender) =>","PermissionList.EmployeePermissions.View","EmployeePermissions.View","src/Modules/Employee/EmployeeModule/Employees/Features/Employees/GetEmployeesByBranchId/GetEmployeesByBranchIdEndpoint.cs","14"
"Employee","HR employees","Employees","GetEmployeesByCompanyId","Workflow","GET","$""{Utils.URL_PATTERN}/{Utils.Employee_Endpoint}/company"" + ""/{companyId}"", async ([FromRoute] Guid companyId, [AsParameters] PaginationRequest request, ISender sender) =>","PermissionList.EmployeePermissions.View","EmployeePermissions.View","src/Modules/Employee/EmployeeModule/Employees/Features/Employees/GetEmployeesByCompanyId/GetEmployeesByCompanyIdEndpoint.cs","13"
"Employee","HR employees","Employees","GetEmployeesByDepartmentId","Workflow","GET","$""{Utils.URL_PATTERN}/{Utils.Employee_Endpoint}/department"" + ""/{departmentId}"", async ([FromRoute] Guid departmentId, [AsParameters] PaginationRequest request, ISender sender) =>","PermissionList.EmployeePermissions.View","EmployeePermissions.View","src/Modules/Employee/EmployeeModule/Employees/Features/Employees/GetEmployeesByDepartmentId/GetEmployeesByDepartmentIdEndpoint.cs","13"
"Employee","HR employees","Employees","GetPublicEmployeeView","Workflow","GET","$""{Utils.URL_PATTERN}/{Utils.Employee_Endpoint}/public-view/{{id:guid}}"", async (Guid id, ISender sender) =>","","","src/Modules/Employee/EmployeeModule/Employees/Features/Employees/GetPublicEmployeeView/GetPublicEmployeeViewEndpoint.cs","9"
"Employee","HR employees","Employees","TerminateEmployee","Workflow","PUT","$""{Utils.URL_PATTERN}/{Utils.Employee_Endpoint}/Terminate"", async (TerminateEmployeeRequest request, ISender sender) =>","PermissionList.EmployeePermissions.Edit","EmployeePermissions.Edit","src/Modules/Employee/EmployeeModule/Employees/Features/Employees/TerminateEmployee/TerminateEmployeeEndpoint.cs","13"
"Employee","HR employees","Employees","TransferDepartment","Workflow","PUT","$""{Utils.URL_PATTERN}/{Utils.Employee_Endpoint}/Transfer"", async (TransferDepartmentRequest request, ISender sender) =>","PermissionList.EmployeePermissions.Edit","EmployeePermissions.Edit","src/Modules/Employee/EmployeeModule/Employees/Features/Employees/TransferDepartment/TransferDepartmentEndpoint.cs","12"
"Employee","HR employees","Employees","UpdateEmployee","Workflow","PUT","$""{Utils.URL_PATTERN}/{Utils.Employee_Endpoint}"", async (UpdateEmployeeRequest request, ISender sender) =>","PermissionList.EmployeePermissions.Edit","EmployeePermissions.Edit","src/Modules/Employee/EmployeeModule/Employees/Features/Employees/UpdateEmployee/UpdateEmployeeEndpoint.cs","12"
"Employee","HR employees","Positions","CreatePosition","Workflow","POST","$""{Utils.URL_PATTERN}/{Utils.Position_Endpoint}"", async (CreatePositionRequest request, ISender sender) =>","PermissionList.PositionPermissions.Create","PositionPermissions.Create","src/Modules/Employee/EmployeeModule/Employees/Features/Positions/CreatePosition/CreatePositionEndpoint.cs","11"
"Employee","HR employees","Positions","DeletePosition","Workflow","DELETE","$""{Utils.URL_PATTERN}/{Utils.Position_Endpoint}"" + ""/{id}"", async (Guid id, ISender sender) =>","PermissionList.PositionPermissions.Delete","PositionPermissions.Delete","src/Modules/Employee/EmployeeModule/Employees/Features/Positions/DeletePosition/DeletePositionEndpoint.cs","10"
"Employee","HR employees","Positions","GetPositionById","Workflow","GET","$""{Utils.URL_PATTERN}/{Utils.Position_Endpoint}"" + ""/{id}"", async (Guid id, ISender sender) =>","PermissionList.PositionPermissions.View","PositionPermissions.View","src/Modules/Employee/EmployeeModule/Employees/Features/Positions/GetPositionById/GetPositionByIdEndpoint.cs","11"
"Employee","HR employees","Positions","GetPositions","View/List","GET","$""{Utils.URL_PATTERN}/{Utils.Position_Endpoint}/company"" + ""/{companyId}"",","PermissionList.PositionPermissions.View","PositionPermissions.View","src/Modules/Employee/EmployeeModule/Employees/Features/Positions/GetPositions/GetPositionsEndpoint.cs","12"
"Employee","HR employees","Positions","UpdatePosition","Workflow","PUT","$""{Utils.URL_PATTERN}/{Utils.Position_Endpoint}"", async (UpdatePositionRequest request, ISender sender) =>","PermissionList.PositionPermissions.Edit","PositionPermissions.Edit","src/Modules/Employee/EmployeeModule/Employees/Features/Positions/UpdatePosition/UpdatePositionEndpoint.cs","12"
"Employee","HR employees","Specializations","CreateSpecialization","Workflow","POST","$""{Utils.URL_PATTERN}/{Utils.Specialization_Endpoint}"", async (CreateSpecializationRequest request, ISender sender) =>","PermissionList.SpecializationPermissions.Create","SpecializationPermissions.Create","src/Modules/Employee/EmployeeModule/Employees/Features/Specializations/CreateSpecialization/CreateSpecializationEndpoint.cs","12"
"Employee","HR employees","Specializations","DeleteSpecialization","Workflow","DELETE","$""{Utils.URL_PATTERN}/{Utils.Specialization_Endpoint}"" + ""/{id}"", async ([FromRoute]Guid id, ISender sender) =>","PermissionList.SpecializationPermissions.Delete","SpecializationPermissions.Delete","src/Modules/Employee/EmployeeModule/Employees/Features/Specializations/DeleteSpecialization/DeleteSpecializationEndpoint.cs","11"
"Employee","HR employees","Specializations","GetSpecializationById","Workflow","GET","$""{Utils.URL_PATTERN}/{Utils.Specialization_Endpoint}"" + ""/{id}"", async (Guid id, ISender sender) =>","PermissionList.SpecializationPermissions.View","SpecializationPermissions.View","src/Modules/Employee/EmployeeModule/Employees/Features/Specializations/GetSpecializationById/GetSpecializationByIdEndpoint.cs","10"
"Employee","HR employees","Specializations","GetSpecializationsByCompany","View/List","GET","$""{Utils.URL_PATTERN}/{Utils.Specialization_Endpoint}/company"" + ""/{companyId}"",","PermissionList.SpecializationPermissions.View","SpecializationPermissions.View","src/Modules/Employee/EmployeeModule/Employees/Features/Specializations/GetSpecializationsByCompany/GetSpecializationsByCompanyEndpoint.cs","12"
"Employee","HR employees","Specializations","UpdateSpecialization","Workflow","PUT","$""{Utils.URL_PATTERN}/{Utils.Specialization_Endpoint}"", async (UpdateSpecializationRequest request, ISender sender) =>","PermissionList.SpecializationPermissions.Edit","SpecializationPermissions.Edit","src/Modules/Employee/EmployeeModule/Employees/Features/Specializations/UpdateSpecialization/UpdateSpecializationEndpoint.cs","12"
"GeneralSettings","General settings","CompanySettings","GetCompanySetting","Workflow","GET","""/api/v1/Settings/company/{companyId}/setting"", async ([FromRoute] Guid companyId, [FromServices] ISender sender) =>","PermissionList.SystemSettingsPermissions.View","SystemSettingsPermissions.View","src/Modules/GeneralSettings/GeneralSettings/GeneralSettings/Features/CompanySettings/GetCompanySetting/GetCompanySettingEndpoint.cs","18"
"GeneralSettings","General settings","CompanySettings","UpdateCompanySetting","Edit","PUT","""/api/v1/Settings/company/{companyId}/setting"",","PermissionList.SystemSettingsPermissions.Edit","SystemSettingsPermissions.Edit","src/Modules/GeneralSettings/GeneralSettings/GeneralSettings/Features/CompanySettings/UpdateCompanySetting/UpdateCompanySettingEndpoint.cs","20"
"GeneralSettings","General settings","Currencies","CreateCurrency","Workflow","POST","""/api/v1/Settings/company/{companyId}/currencies"",","PermissionList.SystemSettingsPermissions.Edit","SystemSettingsPermissions.Edit","src/Modules/GeneralSettings/GeneralSettings/GeneralSettings/Features/Currencies/CreateCurrency/CreateCurrencyEndpoint.cs","21"
"GeneralSettings","General settings","Currencies","DeleteCurrency","Delete","DELETE","""/api/v1/Settings/company/{companyId}/currencies/{currencyId}"",","PermissionList.SystemSettingsPermissions.Edit","SystemSettingsPermissions.Edit","src/Modules/GeneralSettings/GeneralSettings/GeneralSettings/Features/Currencies/DeleteCurrency/DeleteCurrencyEndpoint.cs","18"
"GeneralSettings","General settings","Currencies","GetCurrencies","Workflow","GET","""/api/v1/Settings/company/{companyId}"", async ([FromRoute] Guid companyId, [AsParameters] PaginationRequest request, [FromServices] ISender sender) =>","PermissionList.SystemSettingsPermissions.View","SystemSettingsPermissions.View","src/Modules/GeneralSettings/GeneralSettings/GeneralSettings/Features/Currencies/GetCurrencies/GetCurrenciesEndpoint.cs","19"
"GeneralSettings","General settings","Currencies","UpdateCurrency","Edit","PUT","""/api/v1/Settings/company/{companyId}/currencies/{currencyId}"",","PermissionList.SystemSettingsPermissions.Edit","SystemSettingsPermissions.Edit","src/Modules/GeneralSettings/GeneralSettings/GeneralSettings/Features/Currencies/UpdateCurrency/UpdateCurrencyEndpoint.cs","20"
"Inventory","Inventory","Batches","CreateBatch","Workflow","POST","""/api/v1/inventory/batches"", async (CreateBatchRequest request, ISender sender) =>","PermissionList.BatchPermissions.Create","BatchPermissions.Create","src/Modules/Inventory/Inventory/Warehouses/Features/Batches/CreateBatch/CreateBatchEndPoint.cs","9"
"Inventory","Inventory","Batches","GetBatchById","Workflow","GET","""/api/v1/inventory/batches/{id:guid}"", async (Guid id, [FromServices] ISender sender) =>","PermissionList.BatchPermissions.View","BatchPermissions.View","src/Modules/Inventory/Inventory/Warehouses/Features/Batches/GetBatchById/GetBatchByIdEndPoint.cs","8"
"Inventory","Inventory","Batches","GetBatches","Workflow","GET","""/api/v1/inventory/batches/company/{companyId}"", async ([FromRoute]Guid companyId,[AsParameters] PaginationRequest request, [FromServices] ISender sender) =>","PermissionList.BatchPermissions.View","BatchPermissions.View","src/Modules/Inventory/Inventory/Warehouses/Features/Batches/GetBatches/GetBatchesEndPoint.cs","9"
"Inventory","Inventory","Batches","GetBatchesByProduct","Workflow","GET","""/api/v1/inventory/batches/productId/{productId}"", async ([FromRoute] Guid productId, [AsParameters] PaginationRequest request, [FromServices] ISender sender) =>","PermissionList.BatchPermissions.View","BatchPermissions.View","src/Modules/Inventory/Inventory/Warehouses/Features/Batches/GetBatchesByProduct/GetBatchesByProductEndPoint.cs","9"
"Inventory","Inventory","Batches","GetBatchesByProductSKU","Workflow","GET","""/api/v1/inventory/batches/productSkuId/{productSkuId}"", async ([FromRoute] Guid productSkuId, [AsParameters] PaginationRequest request, [FromServices] ISender sender) =>","PermissionList.BatchPermissions.View","BatchPermissions.View","src/Modules/Inventory/Inventory/Warehouses/Features/Batches/GetBatchesByProductSKU/GetBatchesByProductSKUEndpoint.cs","10"
"Inventory","Inventory","Batches","RemoveBatch","Workflow","DELETE","""/api/v1/inventory/batches/{id:guid}"", async (Guid id, ISender sender) =>","PermissionList.BatchPermissions.Delete","BatchPermissions.Delete","src/Modules/Inventory/Inventory/Warehouses/Features/Batches/RemoveBatch/RemoveBatchEndPoint.cs","8"
"Inventory","Inventory","Batches","UpdateBatch","Workflow","PUT","""/api/v1/inventory/batches"", async (UpdateBatchRequest request, ISender sender) =>","PermissionList.BatchPermissions.Edit","BatchPermissions.Edit","src/Modules/Inventory/Inventory/Warehouses/Features/Batches/UpdateBatch/UpdateBatchEndPoint.cs","11"
"Inventory","Inventory","Inventories","CreateBatch","Workflow","POST","""/api/v1/inventory/inventories/batches"", async (CreateBatchRequest request, ISender sender) =>","PermissionList.InventoryPermissions.Create","InventoryPermissions.Create","src/Modules/Inventory/Inventory/Warehouses/Features/Inventories/zOld/CreateBatch/CreateBatchEndPoint.cs","9"
"Inventory","Inventory","Inventories","CreateInventory","Workflow","POST","""/api/inventory/inventories"", async (CreateInventoryRequest request, ISender sender) =>","","","src/Modules/Inventory/Inventory/Warehouses/Features/Inventories/zOld/CreateInventory/CreateInventoryEndPoint.cs","9"
"Inventory","Inventory","Inventories","GetByWarehouseAndSku","View/List","GET","""/api/v1/Inventory/inventories/warehouse/{warehouseId}/sku/{skuId}"",","PermissionList.InventoryPermissions.View, PermissionList.InventoryItemPermissions.View","InventoryPermissions.View","src/Modules/Inventory/Inventory/Warehouses/Features/Inventories/InventoryQueries/GetByWarehouseAndSku/GetByWarehouseAndSkuEndpoint.cs","8"
"Inventory","Inventory","Inventories","GetInventories","Workflow","GET","""/api/v1/inventory/inventories"", async ([AsParameters] PaginationRequest request, [FromServices] ISender sender) =>","PermissionList.InventoryPermissions.View","InventoryPermissions.View","src/Modules/Inventory/Inventory/Warehouses/Features/Inventories/InventoryQueries/GetInventories/GetInventoriesEndPoint.cs","8"
"Inventory","Inventory","Inventories","GetInventoriesByBatch","View/List","GET","""/api/v1/inventory/inventories/batch/{batchId}"",","PermissionList.InventoryPermissions.View, PermissionList.InventoryItemPermissions.View,PermissionList.BatchPermissions.View","InventoryPermissions.View","src/Modules/Inventory/Inventory/Warehouses/Features/Inventories/InventoryQueries/GetInventoriesByBatch/GetInventoriesByBatchEndpoint.cs","9"
"Inventory","Inventory","Inventories","GetInventoriesByCompany","Workflow","GET","""/api/v1/inventory/inventories/company/{companyId}"", async ([FromRoute]Guid companyId,[AsParameters] PaginationRequest request, [FromServices] ISender sender) =>","PermissionList.InventoryPermissions.View","InventoryPermissions.View","src/Modules/Inventory/Inventory/Warehouses/Features/Inventories/InventoryQueries/GetInventoriesByCompany/GetInventoriesByCompanyEndPoint.cs","8"
"Inventory","Inventory","Inventories","GetInventoryByWarehouseId","Workflow","GET","""/api/v1/inventory/inventories/{warehouseId:guid}"", async (Guid warehouseId, ISender sender) =>","","","src/Modules/Inventory/Inventory/Warehouses/Features/Inventories/zOld/GetInventoryByWarehouseId/GetInventoryByWarehouseIdEndPoint.cs","9"
"Inventory","Inventory","Inventories","ReleaseReservedQuantity","Workflow","POST","""/api/v1/inventory/inventories/release-quantity"", async (ReleaseReservedQuantityRequest request, ISender sender) =>","","","src/Modules/Inventory/Inventory/Warehouses/Features/Inventories/zOld/ReleaseReservedQuantity/ReleaseReservedQuantityEndPoint.cs","9"
"Inventory","Inventory","Inventories","RemoveBatch","Workflow","DELETE","""/api/inventory/inventories/{inventoryId:guid}/batches/{batchId:guid}"", async (Guid inventoryId, Guid batchId, ISender sender) =>","","","src/Modules/Inventory/Inventory/Warehouses/Features/Inventories/zOld/RemoveBatch/RemoveBatchEndPoint.cs","8"
"Inventory","Inventory","Inventories","ReserveFIFO","Workflow","POST","""/api/inventory/inventories/{inventoryId:guid}/reserve-fifo"", async (ReserveFIFORequest request, ISender sender) =>","","","src/Modules/Inventory/Inventory/Warehouses/Features/Inventories/zOld/ReserveFIFO/ReserveFIFOEndPoint.cs","9"
"Inventory","Inventory","Inventories","ReserveQuantity","Workflow","POST","""/api/v1/inventory/inventories/reserve-quantity"", async (ReserveQuantityRequest request, ISender sender) =>","","","src/Modules/Inventory/Inventory/Warehouses/Features/Inventories/zOld/ReserveQuantity/ReserveQuantityEndPoint.cs","9"
"Inventory","Inventory","Inventories","StockAdjustment","Workflow","POST","""/api/v1/inventory/inventories/StockAdjustment"", async (StockAdjustmentRequest request, ISender sender) =>","PermissionList.InventoryPermissions.Create, PermissionList.InventoryItemPermissions.Create","InventoryPermissions.Create","src/Modules/Inventory/Inventory/Warehouses/Features/Inventories/StockAdjustment/StockAdjustmentEndpoint.cs","10"
"Inventory","Inventory","Inventories","StockIn","Workflow","POST","""/api/v1/inventory/inventories/StockIn"", async (StockInRequest request, ISender sender) =>","PermissionList.InventoryPermissions.Create, PermissionList.InventoryItemPermissions.Create","InventoryPermissions.Create","src/Modules/Inventory/Inventory/Warehouses/Features/Inventories/StockIn/StockInEndpoint.cs","10"
"Inventory","Inventory","Inventories","StockOut","Workflow","POST","""/api/v1/inventory/inventories/StockOut"", async (StockOutRequest request, ISender sender) =>","PermissionList.InventoryPermissions.Edit, PermissionList.InventoryItemPermissions.Edit","InventoryPermissions.Edit","src/Modules/Inventory/Inventory/Warehouses/Features/Inventories/StockOut/StockOutEndpoint.cs","10"
"Inventory","Inventory","Inventories","StockRelease","Workflow","POST","""/api/v1/inventory/inventories/StockRelease"", async (StockReleaseRequest request, ISender sender) =>","PermissionList.InventoryPermissions.Edit, PermissionList.InventoryItemPermissions.Edit","InventoryPermissions.Edit","src/Modules/Inventory/Inventory/Warehouses/Features/Inventories/StockRelease/StockReleaseEndpoint.cs","10"
"Inventory","Inventory","Inventories","StockReservation","Workflow","POST","""/api/v1/inventory/inventories/StockReservation"", async (StockReservationRequest request, ISender sender) =>","PermissionList.InventoryPermissions.Edit, PermissionList.InventoryItemPermissions.Edit","InventoryPermissions.Edit","src/Modules/Inventory/Inventory/Warehouses/Features/Inventories/StockReservation/StockReservationEndpoint.cs","10"
"Inventory","Inventory","Warehouses","CreateWarehouse","Workflow","POST","""/api/v1/Inventory/warehouses"", async (CreateWarehouseRequest request, ISender sender) =>","PermissionList.WarehousePermissions.Create","WarehousePermissions.Create","src/Modules/Inventory/Inventory/Warehouses/Features/Warehouses/CreateWarehouse/CreateWarehouseEndPoint.cs","10"
"Inventory","Inventory","Warehouses","GetWarehouseById","Workflow","GET","""/api/v1/inventory/warehouses/{id:guid}"", async (Guid id,[FromServices] ISender sender) =>","PermissionList.WarehousePermissions.View","WarehousePermissions.View","src/Modules/Inventory/Inventory/Warehouses/Features/Warehouses/GetWarehouseById/GetWarehouseByIdEndPoint.cs","11"
"Inventory","Inventory","Warehouses","GetWarehouses","Workflow","GET","""/api/v1/inventory/warehouses/company/{companyId}"", async ([FromRoute]Guid companyId,[AsParameters] PaginationRequest paginationRequest, ISender sender) =>","PermissionList.WarehousePermissions.View","WarehousePermissions.View","src/Modules/Inventory/Inventory/Warehouses/Features/Warehouses/GetWarehouses/GetWarehousesEndPoint.cs","9"
"Inventory","Inventory","Warehouses","RemoveWarehouse","Workflow","DELETE","""/api/v1/inventory/warehouses/{id:guid}"", async ([FromRoute] Guid id, [FromServices] ISender sender) =>","PermissionList.WarehousePermissions.Delete","WarehousePermissions.Delete","src/Modules/Inventory/Inventory/Warehouses/Features/Warehouses/RemoveWarehouse/RemoveWarehouseEndPoint.cs","8"
"Inventory","Inventory","Warehouses","UpdateWarehouse","Workflow","PUT","""/api/v1/inventory/warehouses"", async (UpdateWarehouseRequest request, ISender sender) =>","PermissionList.WarehousePermissions.Edit","WarehousePermissions.Edit","src/Modules/Inventory/Inventory/Warehouses/Features/Warehouses/UpdateWarehouse/UpdateWarehouseEndpoint.cs","12"
"Orders","Sales, POS, and orders","AcceptOrderIntake","AcceptOrderIntake","Workflow","PUT","""/api/v1/orders/intakes/{id}/accept"", async (Guid id, ISender sender) =>","PermissionList.OrderIntakePermissions.Accept","OrderIntakePermissions.Accept","src/Modules/Orders/Orders/Orders/Features/AcceptOrderIntake/AcceptOrderIntakeEndpoint.cs","11"
"Orders","Sales, POS, and orders","GetOrderIntakeById","GetOrderIntakeById","Workflow","GET","""/api/v1/orders/intakes/{id}"", async (Guid id, ISender sender) =>","PermissionList.OrderIntakePermissions.View","OrderIntakePermissions.View","src/Modules/Orders/Orders/Orders/Features/GetOrderIntakeById/GetOrderIntakeByIdEndpoint.cs","9"
"Orders","Sales, POS, and orders","GetOrderIntakesByCompany","GetOrderIntakesByCompany","Workflow","GET","""/api/v1/orders/intakes/company/{companyId}"", async (Guid companyId, [AsParameters] PaginationRequest request, ISender sender) =>","PermissionList.OrderIntakePermissions.View","OrderIntakePermissions.View","src/Modules/Orders/Orders/Orders/Features/GetOrderIntakesByCompany/GetOrderIntakesByCompanyEndpoint.cs","9"
"Orders","Sales, POS, and orders","RejectOrderIntake","RejectOrderIntake","Workflow","PUT","""/api/v1/orders/intakes/{id}/reject"", async (Guid id, RejectOrderIntakeRequest request, ISender sender) =>","PermissionList.OrderIntakePermissions.Reject","OrderIntakePermissions.Reject","src/Modules/Orders/Orders/Orders/Features/RejectOrderIntake/RejectOrderIntakeEndpoint.cs","10"
"Orders","Sales, POS, and orders","SubmitOrderIntake","SubmitOrderIntake","Workflow","POST","""/api/v1/orders/intakes"", async (SubmitOrderIntakeRequest request, ISender sender) =>","PermissionList.OrderIntakePermissions.Create","OrderIntakePermissions.Create","src/Modules/Orders/Orders/Orders/Features/SubmitOrderIntake/SubmitOrderIntakeEndpoint.cs","12"
"Organization","Organization","Administrations","CreateAdministration","Workflow","POST","$""{Utils.ROUTE_PATTERN}/{Utils.AdministrationEndpoint}"", async (CreateAdministrationRequest request, ISender sender) =>","PermissionList.AdministrationPermissions.Create","AdministrationPermissions.Create","src/Modules/Organization/Organization/Organizations/Features/Administrations/CreateAdministration/CreateAdministrationEdnpoint.cs","10"
"Organization","Organization","Administrations","DeleteAdministration","Workflow","DELETE","$""{Utils.ROUTE_PATTERN}/{Utils.AdministrationEndpoint}"" + ""/{id:guid}"", async ([FromRoute] Guid id, ISender sender) =>","PermissionList.AdministrationPermissions.Delete","AdministrationPermissions.Delete","src/Modules/Organization/Organization/Organizations/Features/Administrations/DeleteAdministration/DeleteAdministrationEndpoint.cs","9"
"Organization","Organization","Administrations","GetAdministrationById","Workflow","GET","$""{Utils.ROUTE_PATTERN}/{Utils.AdministrationEndpoint}/"" + ""{id:guid}"", async ([FromRoute]Guid id, ISender sender) =>","PermissionList.AdministrationPermissions.View","AdministrationPermissions.View","src/Modules/Organization/Organization/Organizations/Features/Administrations/GetAdministrationById/GetAdministrationByIdEndpoint.cs","9"
"Organization","Organization","Administrations","GetAdministrations","Workflow","GET","$""{Utils.ROUTE_PATTERN}/{Utils.AdministrationEndpoint}"", async ([AsParameters] PaginationRequest request, [FromServices] ISender sender) =>","PermissionList.AdministrationPermissions.View","AdministrationPermissions.View","src/Modules/Organization/Organization/Organizations/Features/Administrations/GetAdministrations/GetAdministrationsEndpoint.cs","10"
"Organization","Organization","Administrations","GetAdministrationsByBranchId","Workflow","GET","$""{Utils.ROUTE_PATTERN}/{Utils.AdministrationEndpoint}""+""/BranchId/{branchId}"", async ([FromRoute]Guid branchId,[AsParameters] PaginationRequest request, [FromServices] ISender sender) =>","PermissionList.AdministrationPermissions.View","AdministrationPermissions.View","src/Modules/Organization/Organization/Organizations/Features/Administrations/GetAdministrationsByBranchId/GetAdministrationsByBranchIdEndpoint.cs","10"
"Organization","Organization","Administrations","UpdateAdministration","Workflow","PUT","$""{Utils.ROUTE_PATTERN}/{Utils.AdministrationEndpoint}"", async (UpdateAdministrationRequest request, ISender sender) =>","PermissionList.AdministrationPermissions.Edit","AdministrationPermissions.Edit","src/Modules/Organization/Organization/Organizations/Features/Administrations/UpdateAdministration/UpdateAdministrationEndpoint.cs","10"
"Organization","Organization","Branches","CreateBranch","Workflow","POST","$""{Utils.ROUTE_PATTERN}/{Utils.BranchEndpoint}"", async (CreateBranchRequest request, ISender sender) =>","PermissionList.BranchPermissions.Create","BranchPermissions.Create","src/Modules/Organization/Organization/Organizations/Features/Branches/CreateBranch/CreateBranchEndpoint.cs","10"
"Organization","Organization","Branches","DeleteBranch","Workflow","DELETE","$""{Utils.ROUTE_PATTERN}/{Utils.BranchEndpoint}/"" + ""{id:guid}"", async (Guid id, ISender sender) =>","PermissionList.BranchPermissions.Delete","BranchPermissions.Delete","src/Modules/Organization/Organization/Organizations/Features/Branches/DeleteBranch/DeleteBranchEndpoint.cs","8"
"Organization","Organization","Branches","GetBranchById","Workflow","GET","$""{Utils.ROUTE_PATTERN}/{Utils.BranchEndpoint}/"" + ""{id:guid}"", async (Guid id, ISender sender) =>","PermissionList.BranchPermissions.View","BranchPermissions.View","src/Modules/Organization/Organization/Organizations/Features/Branches/GetBranchById/GetBranchByIdEndpoint.cs","9"
"Organization","Organization","Branches","GetBranches","Workflow","GET","$""{Utils.ROUTE_PATTERN}/{Utils.BranchEndpoint}"", async ([AsParameters] PaginationRequest request, [FromServices] ISender sender) =>","PermissionList.BranchPermissions.View","BranchPermissions.View","src/Modules/Organization/Organization/Organizations/Features/Branches/GetBranches/GetBranchesEndpoint.cs","9"
"Organization","Organization","Branches","GetByCompanyId","Workflow","GET","$""{Utils.ROUTE_PATTERN}/{Utils.BranchEndpoint}/GetByCompanyId/"" + ""{companyId}"", async ([FromRoute] Guid companyId, [AsParameters] PaginationRequest request, ISender sender) =>","PermissionList.BranchPermissions.View","BranchPermissions.View","src/Modules/Organization/Organization/Organizations/Features/Branches/GetByCompanyId/GetByCompanyIdEndpoint.cs","9"
"Organization","Organization","Branches","UpdateBranch","Workflow","PUT","$""{Utils.ROUTE_PATTERN}/{Utils.BranchEndpoint}"", async (UpdateBranchRequest request, ISender sender) =>","PermissionList.BranchPermissions.Edit","BranchPermissions.Edit","src/Modules/Organization/Organization/Organizations/Features/Branches/UpdateBranch/UpdateBranchEndpoint.cs","10"
"Organization","Organization","Companies","CreateChildCompany","Workflow","POST","$""{Utils.ROUTE_PATTERN}/{Utils.CompanyEndpoint}/child-companies"", async (CreateChildCompanyRequest request, IHttpContextAccessor httpContextAccessor, ISender sender) =>","PermissionList.CompanyPermissions.CreateChild","CompanyPermissions.CreateChild","src/Modules/Organization/Organization/Organizations/Features/Companies/CreateChildCompany/CreateChildCompanyEndpoint.cs","12"
"Organization","Organization","Companies","CreateCompany","Workflow","POST","$""{Utils.ROUTE_PATTERN}/{Utils.CompanyEndpoint}"", async (CreateCompanyRequest request, ISender sender) =>","PermissionList.CompanyPermissions.Create","CompanyPermissions.Create","src/Modules/Organization/Organization/Organizations/Features/Companies/CreateCompany/CreateCompanyEndpoint.cs","11"
"Organization","Organization","Companies","DeleteCompany","Workflow","DELETE","$""{Utils.ROUTE_PATTERN}/{Utils.CompanyEndpoint}""+""{id}"", async ([FromRoute] Guid id, ISender sender) =>","PermissionList.CompanyPermissions.Delete","CompanyPermissions.Delete","src/Modules/Organization/Organization/Organizations/Features/Companies/DeleteCompany/DeleteCompanyEndpoint.cs","10"
"Organization","Organization","Companies","GetChildCompanies","Workflow","GET","$""{Utils.ROUTE_PATTERN}/{Utils.CompanyEndpoint}/child-companies"", async ([AsParameters] PaginationRequest request, [FromServices] ISender sender) =>","PermissionList.CompanyPermissions.ViewChild","CompanyPermissions.ViewChild","src/Modules/Organization/Organization/Organizations/Features/Companies/GetChildCompanies/GetChildCompaniesEndpoint.cs","9"
"Organization","Organization","Companies","GetCompanies","Workflow","GET","$""{Utils.ROUTE_PATTERN}/{Utils.CompanyEndpoint}"", async ([AsParameters]PaginationRequest request, ISender sender) =>","PermissionList.CompanyPermissions.View","CompanyPermissions.View","src/Modules/Organization/Organization/Organizations/Features/Companies/GetCompanies/GetCompaniesEndpoint.cs","12"
"Organization","Organization","Companies","GetCompanyById","Workflow","GET","$""{Utils.ROUTE_PATTERN}/{Utils.CompanyEndpoint}/"" + ""{id}"", async (Guid id, ISender sender) =>","PermissionList.CompanyPermissions.View","CompanyPermissions.View","src/Modules/Organization/Organization/Organizations/Features/Companies/GetCompanyById/GetCompanyByIdEndpoint.cs","9"
"Organization","Organization","Companies","ResetChildCompanyAdminPassword","Workflow","POST","$""{Utils.ROUTE_PATTERN}/{Utils.CompanyEndpoint}/child-companies/{{companyId:guid}}/admin/reset-password"", async ([FromRoute] Guid companyId, ResetChildCompanyAdminPasswordRequest request, ISender sender) =>","PermissionList.CompanyPermissions.ResetChildAdminPassword","CompanyPermissions.ResetChildAdminPassword","src/Modules/Organization/Organization/Organizations/Features/Companies/ResetChildCompanyAdminPassword/ResetChildCompanyAdminPasswordEndpoint.cs","10"
"Organization","Organization","Companies","SetChildCompanyStatus","Workflow","PATCH","$""{Utils.ROUTE_PATTERN}/{Utils.CompanyEndpoint}/child-companies/{{companyId:guid}}/status"", async ([FromRoute] Guid companyId, SetChildCompanyStatusRequest request, ISender sender) =>","PermissionList.CompanyPermissions.DisableChild","CompanyPermissions.DisableChild","src/Modules/Organization/Organization/Organizations/Features/Companies/SetChildCompanyStatus/SetChildCompanyStatusEndpoint.cs","10"
"Organization","Organization","Companies","UpdateChildCompany","Workflow","PUT","$""{Utils.ROUTE_PATTERN}/{Utils.CompanyEndpoint}/child-companies"", async (UpdateChildCompanyRequest request, ISender sender) =>","PermissionList.CompanyPermissions.EditChild","CompanyPermissions.EditChild","src/Modules/Organization/Organization/Organizations/Features/Companies/UpdateChildCompany/UpdateChildCompanyEndpoint.cs","10"
"Organization","Organization","Companies","UpdateCompany","Workflow","PUT","$""{Utils.ROUTE_PATTERN}/{Utils.CompanyEndpoint}"", async (UpdateCompanyRequest request, ISender sender) =>","PermissionList.CompanyPermissions.Edit","CompanyPermissions.Edit","src/Modules/Organization/Organization/Organizations/Features/Companies/UpdateCompany/UpdateCompanyEndpoint.cs","11"
"Organization","Organization","Departments","CreateDepartment","Workflow","POST","$""{Utils.ROUTE_PATTERN}/{Utils.DepartmentEndpoint}"", async (CreateDepartmentRequest request, ISender sender) =>","PermissionList.AdministrationPermissions.Create","AdministrationPermissions.Create","src/Modules/Organization/Organization/Organizations/Features/Departments/CreateDepartment/CreateDepartmentEndpoint.cs","10"
"Organization","Organization","Departments","DeleteDepartment","Workflow","DELETE","$""{Utils.ROUTE_PATTERN}/{Utils.DepartmentEndpoint}"" + ""/{id}"", async ([FromRoute] Guid id, [FromServices] ISender sender) =>","PermissionList.DepartmentPermissions.Delete","DepartmentPermissions.Delete","src/Modules/Organization/Organization/Organizations/Features/Departments/DeleteDepartment/DeleteDepartmentEndpoint.cs","9"
"Organization","Organization","Departments","GetDepartmentById","Workflow","GET","$""{Utils.ROUTE_PATTERN}/{Utils.DepartmentEndpoint}/"" + ""{id}"", async (Guid id, ISender sender) =>","PermissionList.DepartmentPermissions.View","DepartmentPermissions.View","src/Modules/Organization/Organization/Organizations/Features/Departments/GetDepartmentById/GetDepartmentByIdEndpoint.cs","10"
"Organization","Organization","Departments","GetDepartments","Workflow","GET","$""{Utils.ROUTE_PATTERN}/{Utils.DepartmentEndpoint}"", async ([AsParameters] PaginationRequest request, [FromServices] ISender sender) =>","PermissionList.DepartmentPermissions.View","DepartmentPermissions.View","src/Modules/Organization/Organization/Organizations/Features/Departments/GetDepartments/GetDepartmentsEndpoint.cs","10"
"Organization","Organization","Departments","GetDepartmentsByAdministrationId","View/List","GET","$""{Utils.ROUTE_PATTERN}/{Utils.DepartmentEndpoint}"" + ""/getByAdministrationId/{administrationId:guid}"",","PermissionList.DepartmentPermissions.View","DepartmentPermissions.View","src/Modules/Organization/Organization/Organizations/Features/Departments/GetDepartmentsByAdministrationId/GetDepartmentsByAdministrationIdEndpoint.cs","10"
"Organization","Organization","Departments","UpdateDepartment","Workflow","PUT","$""{Utils.ROUTE_PATTERN}/{Utils.DepartmentEndpoint}"", async (UpdateDepartmentRequest request, ISender sender) =>","PermissionList.DepartmentPermissions.Edit","DepartmentPermissions.Edit","src/Modules/Organization/Organization/Organizations/Features/Departments/UpdateDepartment/UpdateDepartmentEndpoint.cs","11"
"PayrollModule","Payroll","Components","CreateComponent","Workflow","POST","""/api/v1/payroll/components"", async (CreateComponentRequest request, ISender sender) =>","PermissionList.PayrollContractPermissions.Create","PayrollContractPermissions.Create","src/Modules/PayrollModule/Payroll/Salaries/Features/Components/CreateComponent/CreateComponentEndpoint.cs","10"
"PayrollModule","Payroll","Components","DeleteComponent","Workflow","DELETE","""/api/v1/payroll/components/{id}"", async (Guid id, ISender sender) =>","PermissionList.PayrollContractPermissions.Delete","PayrollContractPermissions.Delete","src/Modules/PayrollModule/Payroll/Salaries/Features/Components/DeleteComponent/DeleteComponentEndpoint.cs","9"
"PayrollModule","Payroll","Components","GetComponentsByCompany","View/List","GET","""/api/v1/payroll/components/company/{companyId}"",","PermissionList.PayrollContractPermissions.View","PayrollContractPermissions.View","src/Modules/PayrollModule/Payroll/Salaries/Features/Components/GetComponentsByCompany/GetComponentsByCompanyEndpoint.cs","9"
"PayrollModule","Payroll","Components","UpdateComponent","Workflow","PUT","""/api/v1/payroll/components/{id}"", async (Guid id, UpdateComponentRequest request, ISender sender) =>","PermissionList.PayrollContractPermissions.Edit","PayrollContractPermissions.Edit","src/Modules/PayrollModule/Payroll/Salaries/Features/Components/UpdateComponent/UpdateComponentEndpoint.cs","10"
"PayrollModule","Payroll","Contracts","CreateContract","Workflow","POST","""/api/v1/payroll/contracts"", async (CreateContractRequest request, ISender sender) =>","PermissionList.PayrollContractPermissions.Create","PayrollContractPermissions.Create","src/Modules/PayrollModule/Payroll/Salaries/Features/Contracts/CreateContract/CreateContractEndpoint.cs","19"
"PayrollModule","Payroll","Contracts","DeleteContract","Workflow","DELETE","""/api/v1/payroll/contracts/{id}"", async (Guid id, ISender sender) =>","PermissionList.PayrollContractPermissions.Delete","PayrollContractPermissions.Delete","src/Modules/PayrollModule/Payroll/Salaries/Features/Contracts/DeleteContract/DeleteContractEndpoint.cs","9"
"PayrollModule","Payroll","Contracts","GetContractById","Workflow","GET","""/api/v1/payroll/contracts/{id}"", async (Guid id, ISender sender) =>","PermissionList.PayrollContractPermissions.View","PayrollContractPermissions.View","src/Modules/PayrollModule/Payroll/Salaries/Features/Contracts/GetContractById/GetContractByIdEndpoint.cs","17"
"PayrollModule","Payroll","Contracts","GetContractsByCompany","View/List","GET","""/api/v1/payroll/contracts/company/{companyId}"",","PermissionList.PayrollContractPermissions.View","PayrollContractPermissions.View","src/Modules/PayrollModule/Payroll/Salaries/Features/Contracts/GetContractsByCompany/GetContractsByCompanyEndpoint.cs","9"
"PayrollModule","Payroll","Contracts","UpdateContract","Workflow","PUT","""/api/v1/payroll/contracts/{id}"", async (Guid id, UpdateContractRequest request, ISender sender) =>","","","src/Modules/PayrollModule/Payroll/Salaries/Features/Contracts/UpdateContract/UpdateContractEndpoint.cs","18"
"PayrollModule","Payroll","EmployeeContracts","AssignEmployeeContract","Workflow","POST","""/api/v1/payroll/employee-contracts"", async (AssignEmployeeContractRequest request, ISender sender) =>","PermissionList.PayrollContractPermissions.Create","PayrollContractPermissions.Create","src/Modules/PayrollModule/Payroll/Salaries/Features/EmployeeContracts/AssignEmployeeContract/AssignEmployeeContractEndpoint.cs","9"
"PayrollModule","Payroll","EmployeeContracts","GetEmployeeContractsByCompany","Workflow","GET","""/api/v1/payroll/employee-contracts/company/{companyId}"", async ([FromRoute] Guid companyId, [AsParameters] PaginationRequest request, ISender sender) =>","PermissionList.PayrollContractPermissions.View","PayrollContractPermissions.View","src/Modules/PayrollModule/Payroll/Salaries/Features/EmployeeContracts/GetEmployeeContractsByCompany/GetEmployeeContractsByCompanyEndpoint.cs","11"
"PayrollModule","Payroll","EmployeeLoans","ApproveEmployeeLoan","Workflow","POST","""/api/v1/payroll/loans/{id}/approve"", async (Guid id, ISender sender) =>","PermissionList.PayrollLoanPermissions.Approve","PayrollLoanPermissions.Approve","src/Modules/PayrollModule/Payroll/Salaries/Features/EmployeeLoans/ApproveEmployeeLoan/ApproveEmployeeLoanEndpoint.cs","9"
"PayrollModule","Payroll","EmployeeLoans","CancelEmployeeLoan","Workflow","POST","""/api/v1/payroll/loans/{id}/cancel"", async (Guid id, ISender sender) =>","PermissionList.PayrollLoanPermissions.Cancel","PayrollLoanPermissions.Cancel","src/Modules/PayrollModule/Payroll/Salaries/Features/EmployeeLoans/CancelEmployeeLoan/CancelEmployeeLoanEndpoint.cs","9"
"PayrollModule","Payroll","EmployeeLoans","CreateEmployeeLoan","Workflow","POST","""/api/v1/payroll/loans"", async (CreateEmployeeLoanRequest request, ISender sender) =>","PermissionList.PayrollLoanPermissions.Create","PayrollLoanPermissions.Create","src/Modules/PayrollModule/Payroll/Salaries/Features/EmployeeLoans/CreateEmployeeLoan/CreateEmployeeLoanEndpoint.cs","10"
"PayrollModule","Payroll","EmployeeLoans","GetEmployeeLoansByCompany","View/List","GET","""/api/v1/payroll/loans/company/{companyId}"",","PermissionList.PayrollLoanPermissions.View","PayrollLoanPermissions.View","src/Modules/PayrollModule/Payroll/Salaries/Features/EmployeeLoans/GetEmployeeLoansByCompany/GetEmployeeLoansByCompanyEndpoint.cs","9"
"PayrollModule","Payroll","EmployeeLoans","UpdateEmployeeLoan","Workflow","PUT","""/api/v1/payroll/loans/{id}"", async (Guid id, UpdateEmployeeLoanRequest request, ISender sender) =>","PermissionList.PayrollLoanPermissions.Edit","PayrollLoanPermissions.Edit","src/Modules/PayrollModule/Payroll/Salaries/Features/EmployeeLoans/UpdateEmployeeLoan/UpdateEmployeeLoanEndpoint.cs","10"
"PayrollModule","Payroll","SalaryRuns","ApproveSalaryRun","Workflow","POST","""/api/v1/payroll/salary-runs/{id}/approve"", async (Guid id, ISender sender) =>","PermissionList.SalaryRunPermissions.Approve","SalaryRunPermissions.Approve","src/Modules/PayrollModule/Payroll/Salaries/Features/SalaryRuns/ApproveSalaryRun/ApproveSalaryRunEndpoint.cs","11"
"PayrollModule","Payroll","SalaryRuns","CalculateSalaryRun","Workflow","POST","""/api/v1/payroll/salary-runs/{id}/calculate"", async (Guid id, ISender sender) =>","PermissionList.SalaryRunPermissions.Edit","SalaryRunPermissions.Edit","src/Modules/PayrollModule/Payroll/Salaries/Features/SalaryRuns/CalculateSalaryRun/CalculateSalaryRunEndpoint.cs","27"
"PayrollModule","Payroll","SalaryRuns","CommitSalaryRunsPeriod","Workflow","POST","""/api/v1/payroll/salary-runs/period/commit"", async (CommitSalaryRunsPeriodRequest request, ISender sender) =>","PermissionList.SalaryRunPermissions.Approve","SalaryRunPermissions.Approve","src/Modules/PayrollModule/Payroll/Salaries/Features/SalaryRuns/CommitSalaryRunsPeriod/CommitSalaryRunsPeriodEndpoint.cs","11"
"PayrollModule","Payroll","SalaryRuns","CreateSalaryRun","Workflow","POST","""/api/v1/payroll/salary-runs"", async (CreateSalaryRunRequest request, ISender sender) =>","PermissionList.SalaryRunPermissions.Create","SalaryRunPermissions.Create","src/Modules/PayrollModule/Payroll/Salaries/Features/SalaryRuns/CreateSalaryRun/CreateSalaryRunEndpoint.cs","16"
"PayrollModule","Payroll","SalaryRuns","GetSalaryRunById","Workflow","GET","""/api/v1/payroll/salary-runs/{id}"", async (Guid id, ISender sender) =>","PermissionList.SalaryRunPermissions.View","SalaryRunPermissions.View","src/Modules/PayrollModule/Payroll/Salaries/Features/SalaryRuns/GetSalaryRunById/GetSalaryRunByIdEndpoint.cs","24"
"PayrollModule","Payroll","SalaryRuns","GetSalaryRunsByPeriod","View/List","GET","""/api/v1/payroll/salary-runs/company/{companyId}/period"", async (","PermissionList.SalaryRunPermissions.View","SalaryRunPermissions.View","src/Modules/PayrollModule/Payroll/Salaries/Features/SalaryRuns/GetSalaryRunsByPeriod/GetSalaryRunsByPeriodEndpoint.cs","9"
"PayrollModule","Payroll","SalaryRuns","UndoSalaryRun","Workflow","POST","""/api/v1/payroll/salary-runs/{id}/undo"", async (Guid id, ISender sender) =>","PermissionList.SalaryRunPermissions.Edit","SalaryRunPermissions.Edit","src/Modules/PayrollModule/Payroll/Salaries/Features/SalaryRuns/UndoSalaryRun/UndoSalaryRunEndpoint.cs","11"
"PayrollModule","Payroll","SalaryRuns","UndoSalaryRunsPeriod","Workflow","POST","""/api/v1/payroll/salary-runs/period/undo"", async (UndoSalaryRunsPeriodRequest request, ISender sender) =>","","","src/Modules/PayrollModule/Payroll/Salaries/Features/SalaryRuns/UndoSalaryRunsPeriod/UndoSalaryRunsPeriodEndpoint.cs","11"
"Pricing","Catalog and pricing","PriceListItems","CreatePriceListItem","Workflow","POST","""/api/v1/pricing/priceListItems"", async (CreatePriceListItemRequest request, ISender sender) =>","PermissionList.PricingPermissions.Create","PricingPermissions.Create","src/Modules/Pricing/Pricing/Pricings/Features/PriceListItems/CreatePriceListItem/CreatePriceListItemEndpoint.cs","10"
"Pricing","Catalog and pricing","PriceListItems","GetPriceListItems","Workflow","GET","""/api/v1/pricing/priceLists/{priceListId}/items"", async ([FromRoute] Guid priceListId, ISender sender) =>","PermissionList.PricingPermissions.View","PricingPermissions.View","src/Modules/Pricing/Pricing/Pricings/Features/PriceListItems/GetPriceListItems/GetPriceListItemsEndpoint.cs","9"
"Pricing","Catalog and pricing","PriceListItems","UpdatePriceListItem","Workflow","PUT","""/api/v1/pricing/priceListItems"", async (UpdatePriceListItemRequest request, ISender sender) =>","PermissionList.PricingPermissions.Edit","PricingPermissions.Edit","src/Modules/Pricing/Pricing/Pricings/Features/PriceListItems/UpdatePriceListItem/UpdatePriceListItemEndpoint.cs","10"
"Pricing","Catalog and pricing","PriceLists","CreatePriceList","Workflow","POST","""/api/v1/pricing/priceLists"", async (CreatePriceListRequest request, ISender sender) =>","PermissionList.PricingPermissions.Create","PricingPermissions.Create","src/Modules/Pricing/Pricing/Pricings/Features/PriceLists/CreatePriceList/CreatePriceListEndpoint.cs","10"
"Pricing","Catalog and pricing","PriceLists","GetPriceListsByCompany","Workflow","GET","""/api/v1/pricing/priceLists/company/{companyId}"", async ([FromRoute] Guid companyId, [AsParameters] PaginationRequest request, ISender sender) =>","PermissionList.PricingPermissions.View","PricingPermissions.View","src/Modules/Pricing/Pricing/Pricings/Features/PriceLists/GetPriceListsByCompany/GetPriceListsByCompanyEndpoint.cs","9"
"Pricing","Catalog and pricing","PriceLists","UpdatePriceList","Workflow","PUT","""/api/v1/pricing/priceLists"", async (UpdatePriceListRequest request, ISender sender) =>","PermissionList.PricingPermissions.Edit","PricingPermissions.Edit","src/Modules/Pricing/Pricing/Pricings/Features/PriceLists/UpdatePriceList/UpdatePriceListEndpoint.cs","10"
"Procurement","Procurement","ProcurementDocumentEndpoints.cs","ProcurementDocumentEndpoints","Workflow","DELETE","$""{baseRoute}/{{id:guid}}"", async (Guid id, ISender sender) =>","permissions.Delete","","src/Modules/Procurement/Procurement/Procurement/Features/ProcurementDocumentEndpoints.cs","72"
"Procurement","Procurement","ProcurementDocumentEndpoints.cs","ProcurementDocumentEndpoints","Report/Dashboard","GET","""/api/v1/procurement/dashboard"", async (Guid? companyId, ISender sender) =>","PermissionList.PurchaseOrderPermissions.Select","PurchaseOrderPermissions.Select","src/Modules/Procurement/Procurement/Procurement/Features/ProcurementDocumentEndpoints.cs","19"
"Procurement","Procurement","ProcurementDocumentEndpoints.cs","ProcurementDocumentEndpoints","Workflow","GET","$""{baseRoute}/{{id:guid}}"", async (Guid id, ISender sender) =>","permissions.View","","src/Modules/Procurement/Procurement/Procurement/Features/ProcurementDocumentEndpoints.cs","42"
"Procurement","Procurement","ProcurementDocumentEndpoints.cs","ProcurementDocumentEndpoints","Workflow","GET","baseRoute, async (Guid? companyId, int? pageIndex, int? pageSize, string? searchText, ISender sender) =>","permissions.View","","src/Modules/Procurement/Procurement/Procurement/Features/ProcurementDocumentEndpoints.cs","33"
"Procurement","Procurement","ProcurementDocumentEndpoints.cs","ProcurementDocumentEndpoints","Workflow","POST","$""{baseRoute}/{{id:guid}}/{action.Route}"", async (Guid id, ISender sender) =>","action.Permission","","src/Modules/Procurement/Procurement/Procurement/Features/ProcurementDocumentEndpoints.cs","84"
"Procurement","Procurement","ProcurementDocumentEndpoints.cs","ProcurementDocumentEndpoints","Workflow","POST","baseRoute, async (CreateProcurementDocumentRequest request, ISender sender) =>","permissions.Create","","src/Modules/Procurement/Procurement/Procurement/Features/ProcurementDocumentEndpoints.cs","52"
"Procurement","Procurement","ProcurementDocumentEndpoints.cs","ProcurementDocumentEndpoints","Workflow","PUT","$""{baseRoute}/{{id:guid}}"", async (Guid id, UpdateProcurementDocumentRequest request, ISender sender) =>","permissions.Edit","","src/Modules/Procurement/Procurement/Procurement/Features/ProcurementDocumentEndpoints.cs","62"
"Sales","Sales, POS, and orders","GetSalesDashboard","GetSalesDashboard","Report/Dashboard","GET","""/api/v1/sales/dashboard/company/{companyId}"", async (Guid companyId, ISender sender) =>","PermissionList.SalesOrderPermissions.ViewReports","SalesOrderPermissions.ViewReports","src/Modules/Sales/Sales/Sales/Features/GetSalesDashboard/GetSalesDashboardEndpoint.cs","9"
"Sales","Sales, POS, and orders","GetSalesOrderById","GetSalesOrderById","Workflow","GET","""/api/v1/sales/orders/{id}"", async (Guid id, ISender sender) =>","PermissionList.SalesOrderPermissions.View","SalesOrderPermissions.View","src/Modules/Sales/Sales/Sales/Features/GetSalesOrderById/GetSalesOrderByIdEndpoint.cs","9"
"Sales","Sales, POS, and orders","GetSalesOrdersByCompany","GetSalesOrdersByCompany","Workflow","GET","""/api/v1/sales/orders/company/{companyId}"", async (Guid companyId, [AsParameters] PaginationRequest request, ISender sender) =>","PermissionList.SalesOrderPermissions.View","SalesOrderPermissions.View","src/Modules/Sales/Sales/Sales/Features/GetSalesOrdersByCompany/GetSalesOrdersByCompanyEndpoint.cs","11"
"SalesOrder","Sales, POS, and orders","AddLine","AddLine","Workflow","POST","""/api/v1/SalesOrders/Order/{id}/AddLIne"",","PermissionList.SalesOrderPermissions.Create","SalesOrderPermissions.Create","src/Modules/SalesOrder/SalesOrder/Orders/Features/AddLine/AddLineEndpoint.cs","11"
"SalesOrder","Sales, POS, and orders","CancelOrder","CancelOrder","Workflow","PUT","""/api/v1/SalesOrders/Order/Cancel"", async (CancelOrderRequest request, ISender sender) =>","PermissionList.SalesOrderPermissions.Edit","SalesOrderPermissions.Edit","src/Modules/SalesOrder/SalesOrder/Orders/Features/CancelOrder/CancelOrderEndpoint.cs","9"
"SalesOrder","Sales, POS, and orders","CreateOrder","CreateOrder","Workflow","POST","""/api/v1/SalesOrders/Order"", async (CreateOrderRequest request, ISender sender) =>","PermissionList.SalesOrderPermissions.Create","SalesOrderPermissions.Create","src/Modules/SalesOrder/SalesOrder/Orders/Features/CreateOrder/CreateOrderEndPoint.cs","9"
"SalesOrder","Sales, POS, and orders","DeliverOrder","DeliverOrder","Workflow","PUT","""/api/v1/SalesOrders/Order/Deliver"", async (DeliverOrderRequest request, ISender sender) =>","PermissionList.SalesOrderPermissions.Edit","SalesOrderPermissions.Edit","src/Modules/SalesOrder/SalesOrder/Orders/Features/DeliverOrder/DeliverOrderEndPoint.cs","10"
"SalesOrder","Sales, POS, and orders","InvoiceOrder","InvoiceOrder","Workflow","PUT","""/api/v1/SalesOrder/Order/Invoice"", async (InvoiceOrderRequest request, ISender sender) =>","PermissionList.SalesOrderPermissions.Edit","SalesOrderPermissions.Edit","src/Modules/SalesOrder/SalesOrder/Orders/Features/InvoiceOrder/InvoiceOrderEndpoint.cs","11"
"SalesOrder","Sales, POS, and orders","UpdateOrder","UpdateOrder","Workflow","PUT","""/api/v1/SalesOrders/Order"", async (UpdateOrderRequest request, ISender sender) =>","PermissionList.SalesOrderPermissions.Edit","SalesOrderPermissions.Edit","src/Modules/SalesOrder/SalesOrder/Orders/Features/UpdateOrder/UpdateOrderEndPoint.cs","9"
"SuppliersModule","Suppliers","SupplierGroups","CreateSupplierGroup","Workflow","POST","""/api/v1/suppliers/supplier-group"", async (CreateSupplierGroupRequest request, ISender sender) =>","PermissionList.SupplierGroupPermissions.Create","SupplierGroupPermissions.Create","src/Modules/SuppliersModule/SuppliersModule/Suppliers/Features/SupplierGroups/CreateSupplierGroup/CreateSupplierGroupEndpoint.cs","10"
"SuppliersModule","Suppliers","SupplierGroups","GetSupplierGroupById","Workflow","GET","""/api/v1/suppliers/supplier-group/{id}"", async (Guid id, ISender sender) =>","PermissionList.SupplierGroupPermissions.View","SupplierGroupPermissions.View","src/Modules/SuppliersModule/SuppliersModule/Suppliers/Features/SupplierGroups/GetSupplierGroupById/GetSupplierGroupByIdEndpoint.cs","9"
"SuppliersModule","Suppliers","SupplierGroups","GetSupplierGroupsByCompanyId","Workflow","GET","""/api/v1/suppliers/supplier-group/company/{companyId}"", async ([FromRoute] Guid companyId, [FromServices] ISender sender) =>","PermissionList.SupplierGroupPermissions.View","SupplierGroupPermissions.View","src/Modules/SuppliersModule/SuppliersModule/Suppliers/Features/SupplierGroups/GetSupplierGroupsByCompanyId/GetSupplierGroupsByCompanyIdEndpoint.cs","11"
"SuppliersModule","Suppliers","SupplierGroups","RemoveSupplierGroup","Workflow","DELETE","""/api/v1/suppliers/supplier-group/{id}"", async ([FromRoute] Guid id, [FromServices] ISender sender) =>","PermissionList.SupplierGroupPermissions.Delete","SupplierGroupPermissions.Delete","src/Modules/SuppliersModule/SuppliersModule/Suppliers/Features/SupplierGroups/RemoveSupplierGroup/RemoveSupplierGroupEndpoint.cs","11"
"SuppliersModule","Suppliers","SupplierGroups","UpdateSupplierGroup","Workflow","PUT","""/api/v1/suppliers/supplier-group"", async (UpdateSupplierGroupRequest request, ISender sender) =>","PermissionList.SupplierGroupPermissions.Edit","SupplierGroupPermissions.Edit","src/Modules/SuppliersModule/SuppliersModule/Suppliers/Features/SupplierGroups/UpdateSupplierGroup/UpdateSupplierGroupEndpoint.cs","10"
"SuppliersModule","Suppliers","Suppliers","CreateSupplier","Workflow","POST","""/api/v1/suppliers/supplier"", async (CreateSupplierRequest request, ISender sender) =>","PermissionList.SupplierPermissions.Create","SupplierPermissions.Create","src/Modules/SuppliersModule/SuppliersModule/Suppliers/Features/Suppliers/CreateSupplier/CreateSupplierEndpoint.cs","10"
"SuppliersModule","Suppliers","Suppliers","GetSupplierById","Workflow","GET","""/api/v1/suppliers/supplier/{id}"", async (Guid id, ISender sender) =>","PermissionList.SupplierPermissions.View","SupplierPermissions.View","src/Modules/SuppliersModule/SuppliersModule/Suppliers/Features/Suppliers/GetSupplierById/GetSupplierByIdEndpoint.cs","9"
"SuppliersModule","Suppliers","Suppliers","GetSuppliersByCompanyId","View/List","GET","""/api/v1/suppliers/supplier/company/{companyId}"",","PermissionList.SupplierPermissions.View","SupplierPermissions.View","src/Modules/SuppliersModule/SuppliersModule/Suppliers/Features/Suppliers/GetSuppliersByCompanyId/GetSuppliersByCompanyIdEndpoint.cs","12"
"SuppliersModule","Suppliers","Suppliers","RemoveSupplier","Workflow","DELETE","""/api/v1/suppliers/supplier/{id}"", async ([FromRoute] Guid id, [FromServices] ISender sender) =>","PermissionList.SupplierPermissions.Delete","SupplierPermissions.Delete","src/Modules/SuppliersModule/SuppliersModule/Suppliers/Features/Suppliers/RemoveSupplier/RemoveSupplierEndpoint.cs","11"
"SuppliersModule","Suppliers","Suppliers","UpdateSupplier","Workflow","PUT","""/api/v1/suppliers/supplier"", async (UpdateSupplierRequest request, ISender sender) =>","PermissionList.SupplierPermissions.Edit","SupplierPermissions.Edit","src/Modules/SuppliersModule/SuppliersModule/Suppliers/Features/Suppliers/UpdateSupplier/UpdateSupplierEndpoint.cs","10"
"TaskManagement","Task management","AddTaskComment","AddTaskComment","Workflow","POST","""/api/v1/taskmanagement/tasks/{id:guid}/comments"", async (Guid id, AddTaskCommentRequest request, ISender sender) =>","PermissionList.TaskManagementPermissions.Comment","TaskManagementPermissions.Comment","src/Modules/TaskManagement/TaskManagement/Tasks/Features/AddTaskComment/AddTaskCommentEndpoint.cs","9"
"TaskManagement","Task management","ArchiveTask","ArchiveTask","Workflow","DELETE","""/api/v1/taskmanagement/tasks/{id:guid}"", async (Guid id, ISender sender) =>","PermissionList.TaskManagementPermissions.Delete","TaskManagementPermissions.Delete","src/Modules/TaskManagement/TaskManagement/Tasks/Features/ArchiveTask/ArchiveTaskEndpoint.cs","7"
"TaskManagement","Task management","AssignTask","AssignTask","Workflow","PUT","""/api/v1/taskmanagement/tasks/{id:guid}/assign"", async (Guid id, AssignTaskRequest request, ISender sender) =>","PermissionList.TaskManagementPermissions.Assign","TaskManagementPermissions.Assign","src/Modules/TaskManagement/TaskManagement/Tasks/Features/AssignTask/AssignTaskEndpoint.cs","9"
"TaskManagement","Task management","ChangeTaskStatus","ChangeTaskStatus","Workflow","PUT","""/api/v1/taskmanagement/tasks/{id:guid}/status"", async (Guid id, ChangeTaskStatusRequest request, ISender sender) =>","PermissionList.TaskManagementPermissions.View","TaskManagementPermissions.View","src/Modules/TaskManagement/TaskManagement/Tasks/Features/ChangeTaskStatus/ChangeTaskStatusEndpoint.cs","9"
"TaskManagement","Task management","CreateTask","CreateTask","Workflow","POST","""/api/v1/taskmanagement/tasks"", async (CreateTaskRequest request, ISender sender) =>","PermissionList.TaskManagementPermissions.Create","TaskManagementPermissions.Create","src/Modules/TaskManagement/TaskManagement/Tasks/Features/CreateTask/CreateTaskEndpoint.cs","10"
"TaskManagement","Task management","DailyCheck","DailyCheck","Workflow","POST","""/api/v1/taskmanagement/tasks/my/daily-check"", async (ISender sender) =>","PermissionList.TaskManagementPermissions.View","TaskManagementPermissions.View","src/Modules/TaskManagement/TaskManagement/Tasks/Features/DailyCheck/RunMyTaskDailyCheckEndpoint.cs","7"
"TaskManagement","Task management","Dashboard","Dashboard","Report/Dashboard","GET","""/api/v1/taskmanagement/dashboard"", async (string? scope, Guid? departmentId, ISender sender) =>","PermissionList.TaskManagementPermissions.View","TaskManagementPermissions.View","src/Modules/TaskManagement/TaskManagement/Tasks/Features/Dashboard/GetTaskDashboardEndpoint.cs","7"
"TaskManagement","Task management","GenerateRecurringTasks","GenerateRecurringTasks","Workflow","POST","""/api/v1/taskmanagement/tasks/generate-recurring"", async (ISender sender) =>","PermissionList.TaskManagementPermissions.ManageAllTasks","TaskManagementPermissions.ManageAllTasks","src/Modules/TaskManagement/TaskManagement/Tasks/Features/GenerateRecurringTasks/GenerateRecurringTasksEndpoint.cs","7"
"TaskManagement","Task management","GetMyTasks","GetMyTasks","Workflow","GET","""/api/v1/taskmanagement/tasks/my"", async (int PageIndex, int PageSize, string? searchText, ISender sender, IHttpContextAccessor accessor) =>","PermissionList.TaskManagementPermissions.View","TaskManagementPermissions.View","src/Modules/TaskManagement/TaskManagement/Tasks/Features/GetMyTasks/GetMyTasksEndpoint.cs","9"
"TaskManagement","Task management","GetTaskById","GetTaskById","Workflow","GET","""/api/v1/taskmanagement/tasks/{id:guid}"", async (Guid id, ISender sender) =>","PermissionList.TaskManagementPermissions.View","TaskManagementPermissions.View","src/Modules/TaskManagement/TaskManagement/Tasks/Features/GetTaskById/GetTaskByIdEndpoint.cs","9"
"TaskManagement","Task management","GetTasks","GetTasks","View/List","GET","""/api/v1/taskmanagement/tasks"", async (","","","src/Modules/TaskManagement/TaskManagement/Tasks/Features/GetTasks/GetTasksEndpoint.cs","7"
"TaskManagement","Task management","MarkOverdueTasks","MarkOverdueTasks","Workflow","POST","""/api/v1/taskmanagement/tasks/mark-overdue"", async (ISender sender) =>","PermissionList.TaskManagementPermissions.ManageAllTasks","TaskManagementPermissions.ManageAllTasks","src/Modules/TaskManagement/TaskManagement/Tasks/Features/MarkOverdueTasks/MarkOverdueTasksEndpoint.cs","7"
"TaskManagement","Task management","Notifications","Notifications","Workflow","GET","""/api/v1/taskmanagement/notifications/unread-count"", async (ISender sender) =>","PermissionList.TaskManagementPermissions.View","TaskManagementPermissions.View","src/Modules/TaskManagement/TaskManagement/Tasks/Features/Notifications/TaskNotificationsEndpoint.cs","16"
"TaskManagement","Task management","Notifications","Notifications","Workflow","GET","""/api/v1/taskmanagement/notifications"", async (bool? unreadOnly, int? PageIndex, int? PageSize, ISender sender) =>","PermissionList.TaskManagementPermissions.View","TaskManagementPermissions.View","src/Modules/TaskManagement/TaskManagement/Tasks/Features/Notifications/TaskNotificationsEndpoint.cs","7"
"TaskManagement","Task management","Notifications","Notifications","Workflow","PUT","""/api/v1/taskmanagement/notifications/read-all"", async (ISender sender) =>","PermissionList.TaskManagementPermissions.View","TaskManagementPermissions.View","src/Modules/TaskManagement/TaskManagement/Tasks/Features/Notifications/TaskNotificationsEndpoint.cs","34"
"TaskManagement","Task management","Notifications","Notifications","Workflow","PUT","""/api/v1/taskmanagement/notifications/{id:guid}/read"", async (Guid id, ISender sender) =>","PermissionList.TaskManagementPermissions.View","TaskManagementPermissions.View","src/Modules/TaskManagement/TaskManagement/Tasks/Features/Notifications/TaskNotificationsEndpoint.cs","25"
"TaskManagement","Task management","ProcessTaskReminders","ProcessTaskReminders","Workflow","POST","""/api/v1/taskmanagement/tasks/process-reminders"", async (ISender sender) =>","PermissionList.TaskManagementPermissions.ManageAllTasks","TaskManagementPermissions.ManageAllTasks","src/Modules/TaskManagement/TaskManagement/Tasks/Features/ProcessTaskReminders/ProcessTaskRemindersEndpoint.cs","7"
"TaskManagement","Task management","Reports","Reports","Report/Dashboard","GET","""/api/v1/taskmanagement/reports/department-performance"", async (","PermissionList.TaskManagementPermissions.ViewReports","TaskManagementPermissions.ViewReports","src/Modules/TaskManagement/TaskManagement/Tasks/Features/Reports/GetTaskReportsEndpoint.cs","39"
"TaskManagement","Task management","Reports","Reports","Report/Dashboard","GET","""/api/v1/taskmanagement/reports/employee-productivity"", async (","PermissionList.TaskManagementPermissions.ViewReports","TaskManagementPermissions.ViewReports","src/Modules/TaskManagement/TaskManagement/Tasks/Features/Reports/GetTaskReportsEndpoint.cs","24"
"TaskManagement","Task management","Reports","Reports","Report/Dashboard","GET","""/api/v1/taskmanagement/reports/summary"", async (","PermissionList.TaskManagementPermissions.ViewReports","TaskManagementPermissions.ViewReports","src/Modules/TaskManagement/TaskManagement/Tasks/Features/Reports/GetTaskReportsEndpoint.cs","7"
"TaskManagement","Task management","TaskActions","TaskActions","Workflow","DELETE","""/api/v1/taskmanagement/tasks/{taskId:guid}/actions/{actionId:guid}"", async (Guid taskId, Guid actionId, ISender sender) =>","PermissionList.TaskManagementPermissions.View","TaskManagementPermissions.View","src/Modules/TaskManagement/TaskManagement/Tasks/Features/TaskActions/TaskActionsEndpoint.cs","43"
"TaskManagement","Task management","TaskActions","TaskActions","Workflow","POST","""/api/v1/taskmanagement/tasks/{taskId:guid}/actions"", async (Guid taskId, CreateTaskActionRequest request, ISender sender) =>","PermissionList.TaskManagementPermissions.View","TaskManagementPermissions.View","src/Modules/TaskManagement/TaskManagement/Tasks/Features/TaskActions/TaskActionsEndpoint.cs","11"
"TaskManagement","Task management","TaskActions","TaskActions","Workflow","PUT","""/api/v1/taskmanagement/tasks/{taskId:guid}/actions/{actionId:guid}/completion"", async (Guid taskId, Guid actionId, ToggleTaskActionCompletionRequest request, ISender sender) =>","PermissionList.TaskManagementPermissions.View","TaskManagementPermissions.View","src/Modules/TaskManagement/TaskManagement/Tasks/Features/TaskActions/TaskActionsEndpoint.cs","32"
"TaskManagement","Task management","TaskActions","TaskActions","Workflow","PUT","""/api/v1/taskmanagement/tasks/{taskId:guid}/actions/{actionId:guid}"", async (Guid taskId, Guid actionId, UpdateTaskActionRequest request, ISender sender) =>","PermissionList.TaskManagementPermissions.View","TaskManagementPermissions.View","src/Modules/TaskManagement/TaskManagement/Tasks/Features/TaskActions/TaskActionsEndpoint.cs","21"
"TaskManagement","Task management","UpdateTask","UpdateTask","Workflow","PUT","""/api/v1/taskmanagement/tasks"", async (UpdateTaskRequest request, ISender sender) =>","PermissionList.TaskManagementPermissions.Edit","TaskManagementPermissions.Edit","src/Modules/TaskManagement/TaskManagement/Tasks/Features/UpdateTask/UpdateTaskEndpoint.cs","9"
"TaskManagement","Task management","UpdateTaskProgress","UpdateTaskProgress","Workflow","PUT","""/api/v1/taskmanagement/tasks/{id:guid}/progress"", async (Guid id, UpdateTaskProgressRequest request, ISender sender) =>","PermissionList.TaskManagementPermissions.Comment","TaskManagementPermissions.Comment","src/Modules/TaskManagement/TaskManagement/Tasks/Features/UpdateTaskProgress/UpdateTaskProgressEndpoint.cs","9"
"TaskManagement","Task management","UploadTaskAttachment","UploadTaskAttachment","Workflow","POST","""/api/v1/taskmanagement/tasks/{id:guid}/attachments"", async (Guid id, IFormFile file, ISender sender) =>","PermissionList.TaskManagementPermissions.Comment","TaskManagementPermissions.Comment","src/Modules/TaskManagement/TaskManagement/Tasks/Features/UploadTaskAttachment/UploadTaskAttachmentEndpoint.cs","7"
