"BusinessLineKey","Workspace","MenuRoot","Feature","ServiceOrApiFeature","UIExposureType","UIRouteOrPath","UIEntryPoint","PermissionReference","LicenseGate","CoverageStatus","Notes"
"catering","Catering","Catering","Dashboard","GET /api/v1/catering/dashboard; ICateringService.GetDashboardAsync","Page","/Catering/Dashboard","Catering workspace > Dashboard","CateringReportsPermissions.View","BusinessLineKeys.Catering","Covered","Standalone dashboard page and workspace default route."
"catering","Catering","Catering","Meals","GET/POST/PUT/DELETE /api/v1/catering/meals; ICateringService meal CRUD","Page","/Catering/Meals","Catering workspace > Meals","CateringMealPermissions.View/Create/Edit/Delete","BusinessLineKeys.Catering","Covered","List page includes create, edit, and delete actions."
"catering","Catering","Catering","Meal components","POST/DELETE /api/v1/catering/meals/{id}/components; AddMealComponentAsync/DeleteMealComponentAsync","Inline Action","/Catering/Meals","Meal row Components action and selected meal component panel","CateringMealPermissions.Edit","BusinessLineKeys.Catering","Covered","Inline component management is reachable from the Meals page."
"catering","Catering","Catering","Contracts","GET/POST/PUT/DELETE /api/v1/catering/contracts; ICateringService contract CRUD","Page","/Catering/Contracts","Catering workspace > Contracts","CateringContractPermissions.View/Create/Edit/Delete","BusinessLineKeys.Catering","Covered","Contracts page includes list, create, edit, select, close, and delete actions."
"catering","Catering","Catering","Contract addendums","POST /api/v1/catering/contracts/{id}/addendums; AddAddendumAsync","Inline Action","/Catering/Contracts","Selected contract addendum form","CateringContractPermissions.Addendum","BusinessLineKeys.Catering","Covered","Workflow exposed as an inline addendum action on the Contracts page."
"catering","Catering","Catering","Contract close","PUT /api/v1/catering/contracts/{id}/close; CloseContractAsync","Inline Action","/Catering/Contracts","Contract row close action","CateringContractPermissions.Close","BusinessLineKeys.Catering","Covered","Workflow exposed as a visible row action."
"catering","Catering","Catering","Locations - areas","GET/POST/PUT /api/v1/catering/areas; GetAreasAsync/CreateAreaAsync/UpdateAreaAsync","Page","/Catering/Locations","Catering workspace > Locations","CateringLocationPermissions.View/Create/Edit","BusinessLineKeys.Catering","Covered","Locations page includes area create, edit, and deactivate via update."
"catering","Catering","Catering","Locations - squares","GET/POST/PUT /api/v1/catering/squares; GetSquaresAsync/CreateSquareAsync/UpdateSquareAsync","Inline Action","/Catering/Locations","Squares section on Locations page","CateringLocationPermissions.View/Create/Edit","BusinessLineKeys.Catering","Covered","Squares are managed in the same Locations page."
"catering","Catering","Catering","Schedules","GET/POST/PUT /api/v1/catering/schedules; GetSchedulesAsync/CreateScheduleAsync/UpdateScheduleAsync","Page","/Catering/Schedules","Catering workspace > Schedules","CateringSchedulePermissions.View/Create/Edit","BusinessLineKeys.Catering","Covered","Schedules page includes filtering, create, and edit workflows."
"catering","Catering","Catering","Schedule allocations","POST /api/v1/catering/schedules/{id}/allocations; CreateAllocationAsync","Inline Action","/Catering/Schedules","Selected schedule allocation form","CateringDistributionPermissions.Edit","BusinessLineKeys.Catering","Covered","Allocation workflow exposed from the Schedules page."
"catering","Catering","Catering","Allocation actuals","PUT /api/v1/catering/allocations/{id}/actuals; RecordAllocationActualsAsync","Inline Action","/Catering/Schedules","Allocation actuals edit action","CateringDistributionPermissions.Edit","BusinessLineKeys.Catering","Covered","Actuals workflow exposed from the Schedules page."
"catering","Catering","Catering","Deliveries","GET/POST /api/v1/catering/deliveries; GetDeliveriesAsync/CreateDeliveryAsync","Page","/Catering/Deliveries","Catering workspace > Deliveries","CateringDeliveryPermissions.View/Create","BusinessLineKeys.Catering","Covered","Deliveries page includes list and delivery record form."
"catering","Catering","Catering","Assignments","GET/POST/PUT/DELETE /api/v1/catering/assignments; ICateringService assignment CRUD","Page","/Catering/Assignments","Catering workspace > Assignments","CateringAssignmentPermissions.View/Create/Edit/Delete","BusinessLineKeys.Catering","Covered","Assignments page includes list, filters, create, edit, and delete."
"catering","Catering","Catering","Operations report","GET /api/v1/catering/reports/operations; GetOperationsReportAsync","Page","/Catering/Reports","Catering workspace > Reports","CateringReportsPermissions.View","BusinessLineKeys.Catering","Covered","Reports page exposes contract/date filters and report rows."
"real-estate","Real Estate","Real Estate","Dashboard","GET /api/v1/real-estate/dashboard; IRealEstateService.GetDashboardAsync","Page","/RealEstate/Dashboard","Real Estate workspace > Dashboard","RealEstateReportsPermissions.View","BusinessLineKeys.RealEstate","Covered","Standalone dashboard page and workspace default route."
"real-estate","Real Estate","Real Estate","Properties","GET/POST/PUT/DELETE /api/v1/real-estate/properties; IRealEstateService property CRUD","Page + Detail/Form Route","/RealEstate/Properties; /RealEstate/Properties/{Id}; /RealEstate/Properties/Form","Real Estate workspace > Properties","RealEstatePropertyPermissions.View/Create/Edit/Delete","BusinessLineKeys.RealEstate","Covered","List, detail, create, edit, and delete are reachable."
"real-estate","Real Estate","Real Estate","Units","GET/POST/PUT/DELETE /api/v1/real-estate/units; IRealEstateService unit CRUD","Page + Detail/Form Route","/RealEstate/Units; /RealEstate/Units/Form","Real Estate workspace > Units","RealEstateUnitPermissions.View/Create/Edit/Delete","BusinessLineKeys.RealEstate","Covered","List, create, edit, and delete are reachable; property detail links to unit edit."
"real-estate","Real Estate","Real Estate","Owner leases","GET/POST/PUT /api/v1/real-estate/leases; owner direction; CreateLeaseAsync/UpdateLeaseAsync","Page + Detail/Form Route","/RealEstate/OwnerLeases; /RealEstate/Leases/{Id}; /RealEstate/Leases/Form/{DirectionText}","Real Estate workspace > Owner Leases","RealEstateLeasePermissions.View/Create/Edit","BusinessLineKeys.RealEstate","Covered","Owner lease list, detail, create, and edit routes are reachable."
"real-estate","Real Estate","Real Estate","Tenant leases","GET/POST/PUT /api/v1/real-estate/leases; tenant direction; CreateLeaseAsync/UpdateLeaseAsync","Page + Detail/Form Route","/RealEstate/TenantLeases; /RealEstate/Leases/{Id}; /RealEstate/Leases/Form/{DirectionText}","Real Estate workspace > Tenant Leases","RealEstateLeasePermissions.View/Create/Edit","BusinessLineKeys.RealEstate","Covered","Tenant lease list, detail, create, and edit routes are reachable."
"real-estate","Real Estate","Real Estate","Lease workflow actions","POST /api/v1/real-estate/leases/{id}/generate-installments|activate|suspend|terminate","Inline Action","/RealEstate/OwnerLeases; /RealEstate/TenantLeases; /RealEstate/Leases/{Id}","Lease row and detail action buttons","RealEstateInstallmentPermissions.Generate; RealEstateLeasePermissions.Activate/Suspend/Terminate","BusinessLineKeys.RealEstate","Covered","Generate, activate, suspend, and terminate are visible actions."
"real-estate","Real Estate","Real Estate","Collections and installments","GET /api/v1/real-estate/installments; POST /installments/payments","Page","/RealEstate/Collections","Real Estate workspace > Collections","RealEstateInstallmentPermissions.View/RecordPayment","BusinessLineKeys.RealEstate","Covered","Collections page exposes installment list and record payment action."
"real-estate","Real Estate","Real Estate","Expenses","GET/POST/PUT/DELETE /api/v1/real-estate/expenses; IRealEstateService expense CRUD","Page","/RealEstate/Expenses","Real Estate workspace > Expenses","RealEstateExpensePermissions.View/Create/Edit/Delete","BusinessLineKeys.RealEstate","Covered","Expenses page includes list, filters, create, edit, and delete."
"real-estate","Real Estate","Real Estate","Utility accounts","GET/POST/PUT/DELETE /api/v1/real-estate/utility-accounts","Page","/RealEstate/Utilities","Real Estate workspace > Utilities","RealEstateUtilityPermissions.View/Create/Edit/Delete","BusinessLineKeys.RealEstate","Covered","Utility accounts are managed in the Utilities page."
"real-estate","Real Estate","Real Estate","Utility bills","GET/POST/PUT/DELETE /api/v1/real-estate/utility-bills; POST /mark-paid","Inline Action","/RealEstate/Utilities","Utility bills section and mark-paid action","RealEstateUtilityPermissions.View/Create/Edit/Delete","BusinessLineKeys.RealEstate","Covered","Utility bills and mark-paid workflow are managed in the Utilities page."
"real-estate","Real Estate","Real Estate","Reports","GET /api/v1/real-estate/reports; GetReportsAsync","Page","/RealEstate/Reports","Real Estate workspace > Reports","RealEstateReportPermissions.View","BusinessLineKeys.RealEstate","Covered","Reports page exposes the Real Estate report endpoint."
"business-line-management","Admin","Organizational Structure","Business Line catalog","GET/POST/PUT /api/v1/organization/business-lines; IBusinessLineService","Page","/Organization/BusinessLines","Organizational Structure > Business Lines","ParentCompanyPermissions.View/ManageLicense","Platform scoped; not gated by Business Line","Covered","Platform Manager can list, create, edit, activate, and deactivate catalog entries."
"business-line-management","Admin","Organizational Structure","License category defaults","LicenseCategoryDto.BusinessLines; ILicenseCategoryService create/update","Inline Action","/Organization/LicenseCategories","Default Business Lines multi-select in license category modal","ParentCompanyPermissions.ManageLicense","Platform scoped; not gated by Business Line","Covered","Selected defaults initialize parent company license Business Lines."
"business-line-management","Admin","Organizational Structure","Parent company licensed Business Lines","CompanyLicenseDto.BusinessLines; IParentCompanyService create/update license","Inline Action","/Organization/ParentCompanies","Licensed Business Lines multi-select in create/license modals","ParentCompanyPermissions.ManageLicense","Platform scoped; not gated by Business Line","Covered","Platform Manager can override licensed Business Lines per parent company."
"business-line-management","Home","Dashboard","Current license Business Line chips","CompanyLicenseSummaryDto.BusinessLines; CompanyService.GetCurrentLicenseAsync","Inline Action","/Dashboard","Current license dashboard chips","Authenticated company user","Current active/suspended/expired license behavior applies","Covered","Dashboard displays enabled Business Lines for current company context."
"business-line-management","Navigation","All workspaces","Business Line navigation filtering","CompanyService.GetCurrentLicenseAsync; NavigationMenuResolver BusinessLineKey filtering","Inline Action","AdminLayout/MainLayout navigation shell","Workspace rail, mobile switcher, more hub, command palette","Existing menu permissions plus Business Line entitlement","Current parent company license Business Line keys","Covered","Catering and Real Estate roots hide unless both permission and license entitlement allow them."
"future-business-line","N/A","N/A","Future catalog entries without implemented pages","BusinessLine catalog create/update only","Intentionally Backend-Only","N/A","No navigation entry until implementation exists","ParentCompanyPermissions.ManageLicense","Catalog entry only; no workspace/menu gate until implemented","Covered","New Business Lines such as Car Washing or Flower Shop must not be seeded or added to navigation until pages, permissions, and menu mapping exist."
