"TextEn","Route","PermissionExpression","PermissionReference","ModuleFamily","SourceFile","Line"
"Approve Permission Requests","/Attendance/ApprovePermissionRequests","PermissionList.AttendancePermissions.RequestMidDayPermission","AttendancePermissions.RequestMidDayPermission","Attendance and leave","UI/AlAfkarERP/AlAfkarERP.Shared/Layout/MuenuItem.cs","355"
"Configuration","/Attendance/Configuration","PermissionList.AttendancePermissions.ReviewRequests","AttendancePermissions.ReviewRequests","Attendance and leave","UI/AlAfkarERP/AlAfkarERP.Shared/Layout/MuenuItem.cs","331"
"Dashboard","/Attendance/Dashboard","PermissionList.AttendancePermissions.Select","AttendancePermissions.Select","Attendance and leave","UI/AlAfkarERP/AlAfkarERP.Shared/Layout/MuenuItem.cs","283"
"Holidays","/Attendance/Holidays","PermissionList.AttendancePermissions.ViewConfiguration","AttendancePermissions.ViewConfiguration","Attendance and leave","UI/AlAfkarERP/AlAfkarERP.Shared/Layout/MuenuItem.cs","339"
"Late Requests","/Attendance/LateRequests","PermissionList.AttendancePermissions.Edit","AttendancePermissions.Edit","Attendance and leave","UI/AlAfkarERP/AlAfkarERP.Shared/Layout/MuenuItem.cs","323"
"My Attendance","/Attendance/MyAttendance","PermissionList.AttendancePermissions.View","AttendancePermissions.View","Attendance and leave","UI/AlAfkarERP/AlAfkarERP.Shared/Layout/MuenuItem.cs","291"
"Permission Requests","/Attendance/PermissionRequests","PermissionList.AttendancePermissions.ManageHolidays","AttendancePermissions.ManageHolidays","Attendance and leave","UI/AlAfkarERP/AlAfkarERP.Shared/Layout/MuenuItem.cs","347"
"Reports Overview","/Attendance/Reports","PermissionList.AttendancePermissions.ViewReports","AttendancePermissions.ViewReports","Attendance and leave","UI/AlAfkarERP/AlAfkarERP.Shared/Layout/MuenuItem.cs","371"
"Absence Report","/Attendance/Reports/Absence","PermissionList.AttendancePermissions.ViewReports","AttendancePermissions.ViewReports","Attendance and leave","UI/AlAfkarERP/AlAfkarERP.Shared/Layout/MuenuItem.cs","427"
"Daily Attendance Report","/Attendance/Reports/Attendance","PermissionList.AttendancePermissions.ViewReports","AttendancePermissions.ViewReports","Attendance and leave","UI/AlAfkarERP/AlAfkarERP.Shared/Layout/MuenuItem.cs","379"
"Employee Attendance Summary","/Attendance/Reports/AttendanceSummary","PermissionList.AttendancePermissions.ViewReports","AttendancePermissions.ViewReports","Attendance and leave","UI/AlAfkarERP/AlAfkarERP.Shared/Layout/MuenuItem.cs","387"
"Break Report","/Attendance/Reports/Break","PermissionList.AttendancePermissions.ViewReports","AttendancePermissions.ViewReports","Attendance and leave","UI/AlAfkarERP/AlAfkarERP.Shared/Layout/MuenuItem.cs","411"
"Early Leave Report","/Attendance/Reports/EarlyLeave","PermissionList.AttendancePermissions.ViewReports","AttendancePermissions.ViewReports","Attendance and leave","UI/AlAfkarERP/AlAfkarERP.Shared/Layout/MuenuItem.cs","403"
"Holiday / Weekend Report","/Attendance/Reports/HolidayWeekend","PermissionList.AttendancePermissions.ViewReports","AttendancePermissions.ViewReports","Attendance and leave","UI/AlAfkarERP/AlAfkarERP.Shared/Layout/MuenuItem.cs","435"
"Late Arrival Report","/Attendance/Reports/LateArrival","PermissionList.AttendancePermissions.ViewReports","AttendancePermissions.ViewReports","Attendance and leave","UI/AlAfkarERP/AlAfkarERP.Shared/Layout/MuenuItem.cs","395"
"Permission Requests Report","/Attendance/Reports/MidDayPermission","PermissionList.AttendancePermissions.ViewReports","AttendancePermissions.ViewReports","Attendance and leave","UI/AlAfkarERP/AlAfkarERP.Shared/Layout/MuenuItem.cs","419"
"Sessions","/Attendance/Sessions","PermissionList.AttendancePermissions.Create","AttendancePermissions.Create","Attendance and leave","UI/AlAfkarERP/AlAfkarERP.Shared/Layout/MuenuItem.cs","299"
"Shift Assignments","/Attendance/ShiftAssignments","PermissionList.AttendancePermissions.Edit","AttendancePermissions.Edit","Attendance and leave","UI/AlAfkarERP/AlAfkarERP.Shared/Layout/MuenuItem.cs","315"
"Shifts","/Attendance/Shifts","PermissionList.AttendancePermissions.View","AttendancePermissions.View","Attendance and leave","UI/AlAfkarERP/AlAfkarERP.Shared/Layout/MuenuItem.cs","307"
"Approve Emergency Leave","/LeavesManagement/ApproveEmergencyLeaves","PermissionList.AttendancePermissions.RequestEmergencyLeave","AttendancePermissions.RequestEmergencyLeave","Attendance and leave","UI/AlAfkarERP/AlAfkarERP.Shared/Layout/MuenuItem.cs","466"
"Leave Balances","/LeavesManagement/Balances","PermissionList.AttendancePermissions.ApproveEmergencyLeave","AttendancePermissions.ApproveEmergencyLeave","Attendance and leave","UI/AlAfkarERP/AlAfkarERP.Shared/Layout/MuenuItem.cs","474"
"Emergency Leaves","/LeavesManagement/EmergencyLeaves","PermissionList.AttendancePermissions.RequestEmergencyLeave","AttendancePermissions.RequestEmergencyLeave","Attendance and leave","UI/AlAfkarERP/AlAfkarERP.Shared/Layout/MuenuItem.cs","458"
"Leave Reports","/LeavesManagement/Reports","PermissionList.AttendancePermissions.ViewLeaveBalances","AttendancePermissions.ViewLeaveBalances","Attendance and leave","UI/AlAfkarERP/AlAfkarERP.Shared/Layout/MuenuItem.cs","482"
"Dashboard","/Auth/Dashboard","PermissionList.UsersPermissions.Select","UsersPermissions.Select","Auth and security","UI/AlAfkarERP/AlAfkarERP.Shared/Layout/MuenuItem.cs","968"
"Roles Management","/Auth/Role/List","PermissionList.UsersPermissions.Select","UsersPermissions.Select","Auth and security","UI/AlAfkarERP/AlAfkarERP.Shared/Layout/MuenuItem.cs","976"
"Assign User Roles","/Auth/User/AssignRole","PermissionList.RolesPermissions.View","RolesPermissions.View","Auth and security","UI/AlAfkarERP/AlAfkarERP.Shared/Layout/MuenuItem.cs","984"
"Pricing List","/Catalog/Pricing/List","PermissionList.ProductPermissions.Select","ProductPermissions.Select","Catalog and pricing","UI/AlAfkarERP/AlAfkarERP.Shared/Layout/MuenuItem.cs","578"
"Products","/Catalog/Product/List","PermissionList.ProductPermissions.View","ProductPermissions.View","Catalog and pricing","UI/AlAfkarERP/AlAfkarERP.Shared/Layout/MuenuItem.cs","594"
"SKU","/Catalog/Product/ProductSku/List","PermissionList.PricingPermissions.View","PricingPermissions.View","Catalog and pricing","UI/AlAfkarERP/AlAfkarERP.Shared/Layout/MuenuItem.cs","586"
"Product Options","/Catalog/Variant/List","PermissionList.ProductPermissions.View","ProductPermissions.View","Catalog and pricing","UI/AlAfkarERP/AlAfkarERP.Shared/Layout/MuenuItem.cs","602"
"Brand","/Warehouse/Product/Brand/List","PermissionList.ProductPackagePermissions.View","ProductPackagePermissions.View","Catalog and pricing","UI/AlAfkarERP/AlAfkarERP.Shared/Layout/MuenuItem.cs","618"
"Categories","/Warehouse/Product/Category/List","PermissionList.BrandPermissions.View","BrandPermissions.View","Catalog and pricing","UI/AlAfkarERP/AlAfkarERP.Shared/Layout/MuenuItem.cs","626"
"Dashboard","/Warehouse/Product/Dashboard","PermissionList.ProductPermissions.Select","ProductPermissions.Select","Catalog and pricing","UI/AlAfkarERP/AlAfkarERP.Shared/Layout/MuenuItem.cs","570"
"Pakcages","/Warehouse/Product/Packages/List","PermissionList.VariantPermissions.View","VariantPermissions.View","Catalog and pricing","UI/AlAfkarERP/AlAfkarERP.Shared/Layout/MuenuItem.cs","610"
"Units","/Warehouse/Product/Unit/List","PermissionList.CategoryPermissions.View","CategoryPermissions.View","Catalog and pricing","UI/AlAfkarERP/AlAfkarERP.Shared/Layout/MuenuItem.cs","634"
"Control Panel","/Dashboard","PermissionList.CustomerPricingProfilePermissions.View","CustomerPricingProfilePermissions.View","Control Panel","UI/AlAfkarERP/AlAfkarERP.Shared/Layout/MuenuItem.cs","132"
"Dashboard","/Procurement/Dashboard","PermissionList.PurchaseOrderPermissions.Select","PurchaseOrderPermissions.Select","Control Panel","UI/AlAfkarERP/AlAfkarERP.Shared/Layout/MuenuItem.cs","780"
"Sales Dashboard","/Sales/Dashboard","PermissionList.SalesOrderPermissions.View","SalesOrderPermissions.View","Control Panel","UI/AlAfkarERP/AlAfkarERP.Shared/Layout/MuenuItem.cs","60"
"Dashboard","/TaskManagement/Dashboard","PermissionList.TaskManagementPermissions.Select","TaskManagementPermissions.Select","Control Panel","UI/AlAfkarERP/AlAfkarERP.Shared/Layout/MuenuItem.cs","905"
"Dashboard","/Customers/Customer/Dashboard","PermissionList.CustomerPermissions.Select","CustomerPermissions.Select","Customers","UI/AlAfkarERP/AlAfkarERP.Shared/Layout/MuenuItem.cs","95"
"Customers List","/Customers/Customer/List","PermissionList.CustomerPermissions.Select","CustomerPermissions.Select","Customers","UI/AlAfkarERP/AlAfkarERP.Shared/Layout/MuenuItem.cs","103"
"Customer Groups","/Customers/CustomerGroup/List","PermissionList.CustomerPermissions.View","CustomerPermissions.View","Customers","UI/AlAfkarERP/AlAfkarERP.Shared/Layout/MuenuItem.cs","111"
"Special Customer Pricing","/Customers/CustomerPricingProfile/List","PermissionList.CustomerGroupPermissions.View","CustomerGroupPermissions.View","Customers","UI/AlAfkarERP/AlAfkarERP.Shared/Layout/MuenuItem.cs","119"
"Currencies","/GeneralSettings/Currencies","PermissionList.SystemSettingsPermissions.View","SystemSettingsPermissions.View","General settings","UI/AlAfkarERP/AlAfkarERP.Shared/Layout/MuenuItem.cs","1000"
"System Settings","/GeneralSettings/SystemSettings","PermissionList.UsersPermissions.View","UsersPermissions.View","General settings","UI/AlAfkarERP/AlAfkarERP.Shared/Layout/MuenuItem.cs","992"
"Academic Institutions","/Employee/AcademicInistitution/List","PermissionList.PositionPermissions.View","PositionPermissions.View","HR employees","UI/AlAfkarERP/AlAfkarERP.Shared/Layout/MuenuItem.cs","254"
"Dashboard","/Employee/Dashboard","PermissionList.EmployeePermissions.Select","EmployeePermissions.Select","HR employees","UI/AlAfkarERP/AlAfkarERP.Shared/Layout/MuenuItem.cs","230"
"Employees","/Employee/Employee/List","PermissionList.EmployeePermissions.Select","EmployeePermissions.Select","HR employees","UI/AlAfkarERP/AlAfkarERP.Shared/Layout/MuenuItem.cs","238"
"Positions","/Employee/Position/List","PermissionList.EmployeePermissions.View","EmployeePermissions.View","HR employees","UI/AlAfkarERP/AlAfkarERP.Shared/Layout/MuenuItem.cs","246"
"Specializations","/Employee/Specialization/List","PermissionList.AcademicInistitutionPermissions.View","AcademicInistitutionPermissions.View","HR employees","UI/AlAfkarERP/AlAfkarERP.Shared/Layout/MuenuItem.cs","262"
"Current Stock","/Inventories/List","PermissionList.WarehousePermissions.View","WarehousePermissions.View","Inventory","UI/AlAfkarERP/AlAfkarERP.Shared/Layout/MuenuItem.cs","671"
"Batches","/Inventory/Batch/List","PermissionList.InventoryPermissions.View","InventoryPermissions.View","Inventory","UI/AlAfkarERP/AlAfkarERP.Shared/Layout/MuenuItem.cs","679"
"Dashboard","/Inventory/Dashboard","PermissionList.InventoryPermissions.Select","InventoryPermissions.Select","Inventory","UI/AlAfkarERP/AlAfkarERP.Shared/Layout/MuenuItem.cs","655"
"Adjustments","/Inventory/Operations/StockAdjustment","PermissionList.InventoryPermissions.View","InventoryPermissions.View","Inventory","UI/AlAfkarERP/AlAfkarERP.Shared/Layout/MuenuItem.cs","712"
"Stock In","/Inventory/Operations/StockIn","PermissionList.InventoryPermissions.View","InventoryPermissions.View","Inventory","UI/AlAfkarERP/AlAfkarERP.Shared/Layout/MuenuItem.cs","696"
"Stock Out","/Inventory/Operations/StockOut","PermissionList.InventoryPermissions.View","InventoryPermissions.View","Inventory","UI/AlAfkarERP/AlAfkarERP.Shared/Layout/MuenuItem.cs","704"
"Release","/Inventory/Operations/StockRelease","PermissionList.InventoryPermissions.View","InventoryPermissions.View","Inventory","UI/AlAfkarERP/AlAfkarERP.Shared/Layout/MuenuItem.cs","728"
"Reserve","/Inventory/Operations/StockReservation","PermissionList.InventoryPermissions.View","InventoryPermissions.View","Inventory","UI/AlAfkarERP/AlAfkarERP.Shared/Layout/MuenuItem.cs","720"
"Warehouses","/Inventory/Warehouse/List","PermissionList.InventoryPermissions.Select","InventoryPermissions.Select","Inventory","UI/AlAfkarERP/AlAfkarERP.Shared/Layout/MuenuItem.cs","663"
"Administrations","/Organization/Administration/List","PermissionList.BranchPermissions.View","BranchPermissions.View","Organization","UI/AlAfkarERP/AlAfkarERP.Shared/Layout/MuenuItem.cs","189"
"Branches","/Organization/Branch/List","PermissionList.CompanyPermissions.ViewChild","CompanyPermissions.ViewChild","Organization","UI/AlAfkarERP/AlAfkarERP.Shared/Layout/MuenuItem.cs","181"
"Child Companies","/Organization/ChildCompanies","PermissionList.CompanyPermissions.View","CompanyPermissions.View","Organization","UI/AlAfkarERP/AlAfkarERP.Shared/Layout/MuenuItem.cs","173"
"Company","/Organization/Company/List","PermissionList.CompanyPermissions.Select","CompanyPermissions.Select","Organization","UI/AlAfkarERP/AlAfkarERP.Shared/Layout/MuenuItem.cs","165"
"Dashboard","/Organization/Dashboard","$""{PermissionList.CompanyPermissions.Select}""","CompanyPermissions.Select","Organization","UI/AlAfkarERP/AlAfkarERP.Shared/Layout/MuenuItem.cs","157"
"Departments","/Organization/Department/List","PermissionList.AdministrationPermissions.View","AdministrationPermissions.View","Organization","UI/AlAfkarERP/AlAfkarERP.Shared/Layout/MuenuItem.cs","197"
"Assign Contract","/Payroll/AssignContract","PermissionList.PayrollContractPermissions.View","PayrollContractPermissions.View","Payroll","UI/AlAfkarERP/AlAfkarERP.Shared/Layout/MuenuItem.cs","519"
"Payroll Components","/Payroll/Components","PermissionList.PayrollContractPermissions.View","PayrollContractPermissions.View","Payroll","UI/AlAfkarERP/AlAfkarERP.Shared/Layout/MuenuItem.cs","527"
"Salary Contracts","/Payroll/Contracts","PermissionList.SalaryRunPermissions.View","SalaryRunPermissions.View","Payroll","UI/AlAfkarERP/AlAfkarERP.Shared/Layout/MuenuItem.cs","511"
"Loans & Deductions","/Payroll/Loans","PermissionList.PayrollContractPermissions.View","PayrollContractPermissions.View","Payroll","UI/AlAfkarERP/AlAfkarERP.Shared/Layout/MuenuItem.cs","535"
"Generate Salaries","/Payroll/SalaryRuns","PermissionList.SalaryRunPermissions.Select","SalaryRunPermissions.Select","Payroll","UI/AlAfkarERP/AlAfkarERP.Shared/Layout/MuenuItem.cs","503"
"Goods Receipts","/Procurement/goods-receipts","PermissionList.PurchaseOrderPermissions.View","PurchaseOrderPermissions.View","Procurement","UI/AlAfkarERP/AlAfkarERP.Shared/Layout/MuenuItem.cs","820"
"Purchase Requests","/Procurement/purchase-requests","PermissionList.PurchaseOrderPermissions.Select","PurchaseOrderPermissions.Select","Procurement","UI/AlAfkarERP/AlAfkarERP.Shared/Layout/MuenuItem.cs","788"
"Purchase Returns","/Procurement/purchase-returns","PermissionList.GoodsReceiptPermissions.View","GoodsReceiptPermissions.View","Procurement","UI/AlAfkarERP/AlAfkarERP.Shared/Layout/MuenuItem.cs","828"
"RFQs","/Procurement/requests-for-quotation","PermissionList.PurchaseRequestPermissions.View","PurchaseRequestPermissions.View","Procurement","UI/AlAfkarERP/AlAfkarERP.Shared/Layout/MuenuItem.cs","796"
"Order Intakes","/Orders/Intakes","PermissionList.SalesOrderPermissions.ViewReports","SalesOrderPermissions.ViewReports","Sales, POS, and orders","UI/AlAfkarERP/AlAfkarERP.Shared/Layout/MuenuItem.cs","68"
"Purchase Orders","/Procurement/purchase-orders","PermissionList.SupplierQuotationPermissions.View","SupplierQuotationPermissions.View","Sales, POS, and orders","UI/AlAfkarERP/AlAfkarERP.Shared/Layout/MuenuItem.cs","812"
"Sales Orders","/Sales/Orders","PermissionList.OrderIntakePermissions.View","OrderIntakePermissions.View","Sales, POS, and orders","UI/AlAfkarERP/AlAfkarERP.Shared/Layout/MuenuItem.cs","76"
"POS","/SalesOrder/POS","PermissionList.SalesOrderPermissions.Select","SalesOrderPermissions.Select","Sales, POS, and orders","UI/AlAfkarERP/AlAfkarERP.Shared/Layout/MuenuItem.cs","48"
"Supplier Invoices","/Procurement/supplier-invoices","PermissionList.PurchaseReturnPermissions.View","PurchaseReturnPermissions.View","Suppliers","UI/AlAfkarERP/AlAfkarERP.Shared/Layout/MuenuItem.cs","836"
"Supplier Quotations","/Procurement/supplier-quotations","PermissionList.RequestForQuotationPermissions.View","RequestForQuotationPermissions.View","Suppliers","UI/AlAfkarERP/AlAfkarERP.Shared/Layout/MuenuItem.cs","804"
"Suppliers","/Suppliers/Supplier/List","PermissionList.SupplierPermissions.Select","SupplierPermissions.Select","Suppliers","UI/AlAfkarERP/AlAfkarERP.Shared/Layout/MuenuItem.cs","751"
"Supplier Groups","/Suppliers/SupplierGroup/List","PermissionList.SupplierPermissions.View","SupplierPermissions.View","Suppliers","UI/AlAfkarERP/AlAfkarERP.Shared/Layout/MuenuItem.cs","759"
"Kanban Board","/TaskManagement/Kanban","PermissionList.TaskManagementPermissions.View","TaskManagementPermissions.View","Task management","UI/AlAfkarERP/AlAfkarERP.Shared/Layout/MuenuItem.cs","937"
"Task List","/TaskManagement/List","PermissionList.TaskManagementPermissions.View","TaskManagementPermissions.View","Task management","UI/AlAfkarERP/AlAfkarERP.Shared/Layout/MuenuItem.cs","929"
"My Tasks","/TaskManagement/MyTasks","PermissionList.TaskManagementPermissions.View","TaskManagementPermissions.View","Task management","UI/AlAfkarERP/AlAfkarERP.Shared/Layout/MuenuItem.cs","913"
"Notifications","/TaskManagement/Notifications","PermissionList.TaskManagementPermissions.View","TaskManagementPermissions.View","Task management","UI/AlAfkarERP/AlAfkarERP.Shared/Layout/MuenuItem.cs","921"
"Reports","/TaskManagement/Reports","PermissionList.TaskManagementPermissions.View","TaskManagementPermissions.View","Task management","UI/AlAfkarERP/AlAfkarERP.Shared/Layout/MuenuItem.cs","945"
