"Module","ModuleFamily","Route","PageFile","MenuReachable"
"LeavesManagement","Attendance and leave","/Attendance/ApproveEmergencyLeaves","UI/AlAfkarERP/AlAfkarERP.Shared/Pages/Features/LeavesManagement/Pages/ApproveEmergencyLeaves.razor","False"
"Attendance","Attendance and leave","/Attendance/ApprovePermissionRequests","UI/AlAfkarERP/AlAfkarERP.Shared/Pages/Features/Attendance/Pages/ApprovePermissionRequests.razor","True"
"Attendance","Attendance and leave","/Attendance/Configuration","UI/AlAfkarERP/AlAfkarERP.Shared/Pages/Features/Attendance/Pages/AttendanceConfiguration.razor","True"
"Attendance","Attendance and leave","/Attendance/Dashboard","UI/AlAfkarERP/AlAfkarERP.Shared/Pages/Features/Attendance/Pages/AttendanceDashboard.razor","True"
"LeavesManagement","Attendance and leave","/Attendance/EmergencyLeaves","UI/AlAfkarERP/AlAfkarERP.Shared/Pages/Features/LeavesManagement/Pages/EmergencyLeaveRequests.razor","False"
"Attendance","Attendance and leave","/Attendance/Holidays","UI/AlAfkarERP/AlAfkarERP.Shared/Pages/Features/Attendance/Pages/AttendanceHolidays.razor","True"
"Attendance","Attendance and leave","/Attendance/LateRequests","UI/AlAfkarERP/AlAfkarERP.Shared/Pages/Features/Attendance/Pages/LateCheckInRequests.razor","True"
"Attendance","Attendance and leave","/Attendance/MyAttendance","UI/AlAfkarERP/AlAfkarERP.Shared/Pages/Features/Attendance/Pages/MyAttendance.razor","True"
"Attendance","Attendance and leave","/Attendance/PermissionRequests","UI/AlAfkarERP/AlAfkarERP.Shared/Pages/Features/Attendance/Pages/MidDayPermissionRequests.razor","True"
"Attendance","Attendance and leave","/Attendance/Reports","UI/AlAfkarERP/AlAfkarERP.Shared/Pages/Features/Attendance/Pages/AttendanceReports.razor","True"
"Attendance","Attendance and leave","/Attendance/Reports/{ReportCategory}","UI/AlAfkarERP/AlAfkarERP.Shared/Pages/Features/Attendance/Pages/AttendanceReports.razor","False"
"Attendance","Attendance and leave","/Attendance/Sessions","UI/AlAfkarERP/AlAfkarERP.Shared/Pages/Features/Attendance/Pages/AttendanceSessions.razor","True"
"Attendance","Attendance and leave","/Attendance/ShiftAssignments","UI/AlAfkarERP/AlAfkarERP.Shared/Pages/Features/Attendance/Pages/ShiftAssignments.razor","True"
"Attendance","Attendance and leave","/Attendance/Shifts","UI/AlAfkarERP/AlAfkarERP.Shared/Pages/Features/Attendance/Pages/Shifts.razor","True"
"LeavesManagement","Attendance and leave","/LeavesManagement/ApproveEmergencyLeaves","UI/AlAfkarERP/AlAfkarERP.Shared/Pages/Features/LeavesManagement/Pages/ApproveEmergencyLeaves.razor","True"
"LeavesManagement","Attendance and leave","/LeavesManagement/Balances","UI/AlAfkarERP/AlAfkarERP.Shared/Pages/Features/LeavesManagement/Pages/LeaveBalances.razor","True"
"LeavesManagement","Attendance and leave","/LeavesManagement/EmergencyLeaves","UI/AlAfkarERP/AlAfkarERP.Shared/Pages/Features/LeavesManagement/Pages/EmergencyLeaveRequests.razor","True"
"LeavesManagement","Attendance and leave","/LeavesManagement/Reports","UI/AlAfkarERP/AlAfkarERP.Shared/Pages/Features/LeavesManagement/Pages/LeaveReports.razor","True"
"Auth","Auth and security","/Auth/Dashboard","UI/AlAfkarERP/AlAfkarERP.Shared/Pages/Features/Auth/pages/AuthDashboard.razor","True"
"Auth","Auth and security","/Auth/Role/Form","UI/AlAfkarERP/AlAfkarERP.Shared/Pages/Features/Auth/pages/Roles/RoleForm.razor","False"
"Auth","Auth and security","/Auth/Role/Form/{RoleName}","UI/AlAfkarERP/AlAfkarERP.Shared/Pages/Features/Auth/pages/Roles/RoleForm.razor","False"
"Auth","Auth and security","/Auth/Role/List","UI/AlAfkarERP/AlAfkarERP.Shared/Pages/Features/Auth/pages/Roles/RolesList.razor","True"
"Auth","Auth and security","/Auth/User/AssignRole","UI/AlAfkarERP/AlAfkarERP.Shared/Pages/Features/Auth/pages/Users/UserAssignRoles.razor","True"
"Auth","Auth and security","/Auth/User/Form","UI/AlAfkarERP/AlAfkarERP.Shared/Pages/Features/Auth/pages/Users/UserForm.razor","False"
"Auth","Auth and security","/Auth/User/Form/{Id}","UI/AlAfkarERP/AlAfkarERP.Shared/Pages/Features/Auth/pages/Users/UserForm.razor","False"
"Auth","Auth and security","/Auth/User/List","UI/AlAfkarERP/AlAfkarERP.Shared/Pages/Features/Auth/pages/Users/UserList.razor","False"
"Auth","Auth and security","/forgot-password","UI/AlAfkarERP/AlAfkarERP.Shared/Pages/Features/Auth/ForgotPasswordPage.razor","False"
"Auth","Auth and security","/login","UI/AlAfkarERP/AlAfkarERP.Shared/Pages/Features/Auth/LoginPage.razor","False"
"Auth","Auth and security","/register","UI/AlAfkarERP/AlAfkarERP.Shared/Pages/Features/Auth/RegisterPage.razor","False"
"Auth","Auth and security","/User/ForgetPassword","UI/AlAfkarERP/AlAfkarERP.Shared/Pages/Features/Auth/ForgotPasswordPage.razor","False"
"Catalog","Catalog and pricing","/Catalog/Pricing/List","UI/AlAfkarERP/AlAfkarERP.Shared/Pages/Features/Catalog/Pages/PricingList.razor","True"
"Catalog","Catalog and pricing","/Catalog/Product/{ProductId:guid?}/ProductSku","UI/AlAfkarERP/AlAfkarERP.Shared/Pages/Features/Catalog/Pages/ProductSku.razor","False"
"Catalog","Catalog and pricing","/Catalog/Product/List","UI/AlAfkarERP/AlAfkarERP.Shared/Pages/Features/Catalog/Pages/ProductList.razor","True"
"Catalog","Catalog and pricing","/Catalog/Product/ProductSku/List","UI/AlAfkarERP/AlAfkarERP.Shared/Pages/Features/Catalog/Pages/ProductSku.razor","True"
"Catalog","Catalog and pricing","/Catalog/Variant/List","UI/AlAfkarERP/AlAfkarERP.Shared/Pages/Features/Catalog/Pages/VariantList.razor","True"
"Catalog","Catalog and pricing","/Warehouse/Product/Brand/List","UI/AlAfkarERP/AlAfkarERP.Shared/Pages/Features/Catalog/Pages/BrandList.razor","True"
"Catalog","Catalog and pricing","/Warehouse/Product/Category/List","UI/AlAfkarERP/AlAfkarERP.Shared/Pages/Features/Catalog/Pages/CategoryList.razor","True"
"Catalog","Catalog and pricing","/Warehouse/Product/Dashboard","UI/AlAfkarERP/AlAfkarERP.Shared/Pages/Features/Catalog/ProductDashboard.razor","True"
"Catalog","Catalog and pricing","/Warehouse/Product/Packages/List","UI/AlAfkarERP/AlAfkarERP.Shared/Pages/Features/Catalog/Pages/PackagesList.razor","True"
"Catalog","Catalog and pricing","/Warehouse/Product/Unit/List","UI/AlAfkarERP/AlAfkarERP.Shared/Pages/Features/Catalog/Pages/UnitList.razor","True"
"Customers","Customers","/Customers/Customer/Dashboard","UI/AlAfkarERP/AlAfkarERP.Shared/Pages/Features/Customers/Pages/Dashboard.razor","True"
"Customers","Customers","/Customers/Customer/List","UI/AlAfkarERP/AlAfkarERP.Shared/Pages/Features/Customers/Pages/CustomerList.razor","True"
"Customers","Customers","/Customers/CustomerGroup/List","UI/AlAfkarERP/AlAfkarERP.Shared/Pages/Features/Customers/Pages/CustomerGroupList.razor","True"
"Customers","Customers","/Customers/CustomerPricingProfile/List","UI/AlAfkarERP/AlAfkarERP.Shared/Pages/Features/Customers/Pages/CustomerPricingProfile.razor","True"
"GeneralSettings","General settings","/GeneralSettings/Currencies","UI/AlAfkarERP/AlAfkarERP.Shared/Pages/Features/GeneralSettings/Pages/CurrencyManagement.razor","True"
"GeneralSettings","General settings","/GeneralSettings/SystemSettings","UI/AlAfkarERP/AlAfkarERP.Shared/Pages/Features/GeneralSettings/Pages/SystemSettings.razor","True"
"Employees","HR employees","/Employee/AcademicInistitution/List","UI/AlAfkarERP/AlAfkarERP.Shared/Pages/Features/Employees/Pages/AcademicInistitutions/AcademicInstitutionList.razor","True"
"Employees","HR employees","/Employee/Dashboard","UI/AlAfkarERP/AlAfkarERP.Shared/Pages/Features/Employees/Pages/EmployeesDashboard.razor","True"
"Employees","HR employees","/Employee/Employee/360/{Id:guid}","UI/AlAfkarERP/AlAfkarERP.Shared/Pages/Features/Employees/Pages/Employees/Employee360View.razor","False"
"Employees","HR employees","/Employee/Employee/Form/{Id:guid?}","UI/AlAfkarERP/AlAfkarERP.Shared/Pages/Features/Employees/Pages/Employees/EmployeeForm.razor","False"
"Employees","HR employees","/Employee/Employee/List","UI/AlAfkarERP/AlAfkarERP.Shared/Pages/Features/Employees/Pages/Employees/EmployeeList.razor","True"
"Employees","HR employees","/Employee/Employee/QR/{Id:guid}","UI/AlAfkarERP/AlAfkarERP.Shared/Pages/Features/Employees/Pages/Employees/EmployeeQR.razor","False"
"Employees","HR employees","/Employee/Employee/view","UI/AlAfkarERP/AlAfkarERP.Shared/Pages/Features/Employees/Pages/Employees/EmployeeViewProtected.razor","False"
"Employees","HR employees","/Employee/Employee/view/{Id:guid}","UI/AlAfkarERP/AlAfkarERP.Shared/Pages/Features/Employees/Pages/Employees/EmployeeView.razor","False"
"Employees","HR employees","/Employee/Position/List","UI/AlAfkarERP/AlAfkarERP.Shared/Pages/Features/Employees/Pages/Positions/PositionList.razor","True"
"Employees","HR employees","/Employee/Specialization/List","UI/AlAfkarERP/AlAfkarERP.Shared/Pages/Features/Employees/Pages/Specializations/SpecializationList.razor","True"
"Inventories","Inventory","/Inventories/List","UI/AlAfkarERP/AlAfkarERP.Shared/Pages/Features/Inventories/Pages/InventoryList.razor","True"
"Inventories","Inventory","/Inventory/Batch/List","UI/AlAfkarERP/AlAfkarERP.Shared/Pages/Features/Inventories/Pages/BatchList.razor","True"
"Inventories","Inventory","/Inventory/Dashboard","UI/AlAfkarERP/AlAfkarERP.Shared/Pages/Features/Inventories/InventoryDashboard.razor","True"
"Inventories","Inventory","/Inventory/Operations/StockAdjustment","UI/AlAfkarERP/AlAfkarERP.Shared/Pages/Features/Inventories/Pages/Operations/StockAdjustment.razor","True"
"Inventories","Inventory","/Inventory/Operations/StockIn","UI/AlAfkarERP/AlAfkarERP.Shared/Pages/Features/Inventories/Pages/Operations/StockIn.razor","True"
"Inventories","Inventory","/Inventory/Operations/StockOut","UI/AlAfkarERP/AlAfkarERP.Shared/Pages/Features/Inventories/Pages/Operations/StockOut.razor","True"
"Inventories","Inventory","/Inventory/Operations/StockRelease","UI/AlAfkarERP/AlAfkarERP.Shared/Pages/Features/Inventories/Pages/Operations/StockRelease.razor","True"
"Inventories","Inventory","/Inventory/Operations/StockReservation","UI/AlAfkarERP/AlAfkarERP.Shared/Pages/Features/Inventories/Pages/Operations/StockReservation.razor","True"
"Inventories","Inventory","/Inventory/Warehouse/List","UI/AlAfkarERP/AlAfkarERP.Shared/Pages/Features/Inventories/Pages/WarehouseList.razor","True"
"Inventories","Inventory","/Inventory/WarehouseTransfer/Form","UI/AlAfkarERP/AlAfkarERP.Shared/Pages/Features/Inventories/Pages/WarehouseTransferForm.razor","False"
"Organization","Organization","/Organization/Administration/List","UI/AlAfkarERP/AlAfkarERP.Shared/Pages/Features/Organization/Pages/Administrations/AdministrationList.razor","True"
"Organization","Organization","/organization/Branch/Form/{Id:guid?}","UI/AlAfkarERP/AlAfkarERP.Shared/Pages/Features/Organization/Pages/Branches/BranchForm.razor","False"
"Organization","Organization","/Organization/Branch/List","UI/AlAfkarERP/AlAfkarERP.Shared/Pages/Features/Organization/Pages/Branches/BranchList.razor","True"
"Organization","Organization","/Organization/ChildCompanies","UI/AlAfkarERP/AlAfkarERP.Shared/Pages/Features/Organization/Pages/Companies/ChildCompanyManagement.razor","True"
"Organization","Organization","/Organization/Company/List","UI/AlAfkarERP/AlAfkarERP.Shared/Pages/Features/Organization/Pages/Companies/CompanyList.razor","True"
"Organization","Organization","/Organization/Dashboard","UI/AlAfkarERP/AlAfkarERP.Shared/Pages/Features/Organization/Pages/OrganizationDashboard.razor","True"
"Organization","Organization","/Organization/Department/List","UI/AlAfkarERP/AlAfkarERP.Shared/Pages/Features/Organization/Pages/Departments/DepartmentList.razor","True"
"Payroll","Payroll","/Payroll/AssignContract","UI/AlAfkarERP/AlAfkarERP.Shared/Pages/Features/Payroll/Pages/AssignContract.razor","True"
"Payroll","Payroll","/Payroll/Components","UI/AlAfkarERP/AlAfkarERP.Shared/Pages/Features/Payroll/Pages/PayrollComponents.razor","True"
"Payroll","Payroll","/Payroll/Contracts","UI/AlAfkarERP/AlAfkarERP.Shared/Pages/Features/Payroll/Pages/SalaryContracts.razor","True"
"Payroll","Payroll","/Payroll/Loans","UI/AlAfkarERP/AlAfkarERP.Shared/Pages/Features/Payroll/Pages/EmployeeLoans.razor","True"
"Payroll","Payroll","/Payroll/SalaryRuns","UI/AlAfkarERP/AlAfkarERP.Shared/Pages/Features/Payroll/Pages/GenerateSalary.razor","True"
"Procurement","Procurement","/Procurement/{KindRoute}","UI/AlAfkarERP/AlAfkarERP.Shared/Pages/Features/Procurement/Pages/ProcurementList.razor","False"
"Procurement","Procurement","/Procurement/{KindRoute}/Detail/{Id:guid}","UI/AlAfkarERP/AlAfkarERP.Shared/Pages/Features/Procurement/Pages/ProcurementDetail.razor","False"
"Procurement","Procurement","/Procurement/{KindRoute}/Form","UI/AlAfkarERP/AlAfkarERP.Shared/Pages/Features/Procurement/Pages/ProcurementForm.razor","False"
"Procurement","Procurement","/Procurement/{KindRoute}/Form/{Id:guid}","UI/AlAfkarERP/AlAfkarERP.Shared/Pages/Features/Procurement/Pages/ProcurementForm.razor","False"
"Procurement","Procurement","/Procurement/Dashboard","UI/AlAfkarERP/AlAfkarERP.Shared/Pages/Features/Procurement/ProcurementDashboard.razor","True"
"SalesOrder","Sales, POS, and orders","/Orders/Intakes","UI/AlAfkarERP/AlAfkarERP.Shared/Pages/Features/SalesOrder/Pages/OrderIntakeList.razor","True"
"SalesOrder","Sales, POS, and orders","/Orders/Intakes/{Id:guid}","UI/AlAfkarERP/AlAfkarERP.Shared/Pages/Features/SalesOrder/Pages/OrderIntakeDetail.razor","False"
"SalesOrder","Sales, POS, and orders","/Sales/Dashboard","UI/AlAfkarERP/AlAfkarERP.Shared/Pages/Features/SalesOrder/Pages/SalesDashboard.razor","True"
"SalesOrder","Sales, POS, and orders","/Sales/Orders","UI/AlAfkarERP/AlAfkarERP.Shared/Pages/Features/SalesOrder/Pages/SalesOrderList.razor","True"
"SalesOrder","Sales, POS, and orders","/Sales/Orders/{Id:guid}","UI/AlAfkarERP/AlAfkarERP.Shared/Pages/Features/SalesOrder/Pages/SalesOrderDetail.razor","False"
"SalesOrder","Sales, POS, and orders","/SalesOrder/POS","UI/AlAfkarERP/AlAfkarERP.Shared/Pages/Features/SalesOrder/Pages/POS.razor","True"
"Suppliers","Suppliers","/Suppliers/Supplier/Form","UI/AlAfkarERP/AlAfkarERP.Shared/Pages/Features/Suppliers/Pages/SupplierForm.razor","False"
"Suppliers","Suppliers","/Suppliers/Supplier/Form/{Id:guid}","UI/AlAfkarERP/AlAfkarERP.Shared/Pages/Features/Suppliers/Pages/SupplierForm.razor","False"
"Suppliers","Suppliers","/Suppliers/Supplier/List","UI/AlAfkarERP/AlAfkarERP.Shared/Pages/Features/Suppliers/Pages/SupplierList.razor","True"
"Suppliers","Suppliers","/Suppliers/Supplier/View/{Id:guid}","UI/AlAfkarERP/AlAfkarERP.Shared/Pages/Features/Suppliers/Pages/SupplierDetail.razor","False"
"Suppliers","Suppliers","/Suppliers/SupplierGroup/List","UI/AlAfkarERP/AlAfkarERP.Shared/Pages/Features/Suppliers/Pages/SupplierGroupList.razor","True"
"TaskManagement","Task management","/TaskManagement/Create","UI/AlAfkarERP/AlAfkarERP.Shared/Pages/Features/TaskManagement/Pages/CreateTask.razor","False"
"TaskManagement","Task management","/TaskManagement/Dashboard","UI/AlAfkarERP/AlAfkarERP.Shared/Pages/Features/TaskManagement/Pages/TaskDashboard.razor","True"
"TaskManagement","Task management","/TaskManagement/Edit/{Id:guid}","UI/AlAfkarERP/AlAfkarERP.Shared/Pages/Features/TaskManagement/Pages/EditTask.razor","False"
"TaskManagement","Task management","/TaskManagement/Kanban","UI/AlAfkarERP/AlAfkarERP.Shared/Pages/Features/TaskManagement/Pages/Kanban.razor","True"
"TaskManagement","Task management","/TaskManagement/List","UI/AlAfkarERP/AlAfkarERP.Shared/Pages/Features/TaskManagement/Pages/TaskList.razor","True"
"TaskManagement","Task management","/TaskManagement/MyTasks","UI/AlAfkarERP/AlAfkarERP.Shared/Pages/Features/TaskManagement/Pages/MyTasks.razor","True"
"TaskManagement","Task management","/TaskManagement/Notifications","UI/AlAfkarERP/AlAfkarERP.Shared/Pages/Features/TaskManagement/Pages/Notifications.razor","True"
"TaskManagement","Task management","/TaskManagement/Reports","UI/AlAfkarERP/AlAfkarERP.Shared/Pages/Features/TaskManagement/Pages/Reports.razor","True"
"TaskManagement","Task management","/TaskManagement/View/{Id:guid}","UI/AlAfkarERP/AlAfkarERP.Shared/Pages/Features/TaskManagement/Pages/ViewTask.razor","False"
