"PermissionClass","PermissionGroup","Entity","ModuleFamily","Action","Permission"
"AttendancePermissions","Attendance.Attendance","Attendance","Attendance and leave","ApproveEmergencyLeave","Attendance.Attendance.ApproveEmergencyLeave"
"AttendancePermissions","Attendance.Attendance","Attendance","Attendance and leave","ApproveMidDayPermission","Attendance.Attendance.ApproveMidDayPermission"
"AttendancePermissions","Attendance.Attendance","Attendance","Attendance and leave","Create","Attendance.Attendance.Create"
"AttendancePermissions","Attendance.Attendance","Attendance","Attendance and leave","Edit","Attendance.Attendance.Edit"
"AttendancePermissions","Attendance.Attendance","Attendance","Attendance and leave","ManageConfiguration","Attendance.Attendance.ManageConfiguration"
"AttendancePermissions","Attendance.Attendance","Attendance","Attendance and leave","ManageHolidays","Attendance.Attendance.ManageHolidays"
"AttendancePermissions","Attendance.Attendance","Attendance","Attendance and leave","ManageLeaveBalances","Attendance.Attendance.ManageLeaveBalances"
"AttendancePermissions","Attendance.Attendance","Attendance","Attendance and leave","RequestEmergencyLeave","Attendance.Attendance.RequestEmergencyLeave"
"AttendancePermissions","Attendance.Attendance","Attendance","Attendance and leave","RequestMidDayPermission","Attendance.Attendance.RequestMidDayPermission"
"AttendancePermissions","Attendance.Attendance","Attendance","Attendance and leave","ReviewRequests","Attendance.Attendance.ReviewRequests"
"AttendancePermissions","Attendance.Attendance","Attendance","Attendance and leave","Select","Attendance.Attendance.Select"
"AttendancePermissions","Attendance.Attendance","Attendance","Attendance and leave","View","Attendance.Attendance.View"
"AttendancePermissions","Attendance.Attendance","Attendance","Attendance and leave","ViewAllReports","Attendance.Attendance.ViewAllReports"
"AttendancePermissions","Attendance.Attendance","Attendance","Attendance and leave","ViewConfiguration","Attendance.Attendance.ViewConfiguration"
"AttendancePermissions","Attendance.Attendance","Attendance","Attendance and leave","ViewLeaveBalances","Attendance.Attendance.ViewLeaveBalances"
"AttendancePermissions","Attendance.Attendance","Attendance","Attendance and leave","ViewLeaveReports","Attendance.Attendance.ViewLeaveReports"
"AttendancePermissions","Attendance.Attendance","Attendance","Attendance and leave","ViewReports","Attendance.Attendance.ViewReports"
"AttendancePermissions","Attendance.Attendance","Attendance","Attendance and leave","ViewScopedReports","Attendance.Attendance.ViewScopedReports"
"RolesPermissions","Authentication.Roles","Roles","Auth and security","Create","Authentication.Roles.Create"
"RolesPermissions","Authentication.Roles","Roles","Auth and security","Delete","Authentication.Roles.Delete"
"RolesPermissions","Authentication.Roles","Roles","Auth and security","Edit","Authentication.Roles.Edit"
"RolesPermissions","Authentication.Roles","Roles","Auth and security","Select","Authentication.Roles.Select"
"RolesPermissions","Authentication.Roles","Roles","Auth and security","View","Authentication.Roles.View"
"UsersPermissions","Authentication.Users","Users","Auth and security","Create","Authentication.Users.Create"
"UsersPermissions","Authentication.Users","Users","Auth and security","Delete","Authentication.Users.Delete"
"UsersPermissions","Authentication.Users","Users","Auth and security","Edit","Authentication.Users.Edit"
"UsersPermissions","Authentication.Users","Users","Auth and security","Select","Authentication.Users.Select"
"UsersPermissions","Authentication.Users","Users","Auth and security","View","Authentication.Users.View"
"BrandPermissions","Catalog.Brand","Brand","Catalog and pricing","Create","Catalog.Brand.Create"
"BrandPermissions","Catalog.Brand","Brand","Catalog and pricing","Delete","Catalog.Brand.Delete"
"BrandPermissions","Catalog.Brand","Brand","Catalog and pricing","Edit","Catalog.Brand.Edit"
"BrandPermissions","Catalog.Brand","Brand","Catalog and pricing","Select","Catalog.Brand.Select"
"BrandPermissions","Catalog.Brand","Brand","Catalog and pricing","View","Catalog.Brand.View"
"CategoryPermissions","Catalog.Category","Category","Catalog and pricing","Create","Catalog.Category.Create"
"CategoryPermissions","Catalog.Category","Category","Catalog and pricing","Delete","Catalog.Category.Delete"
"CategoryPermissions","Catalog.Category","Category","Catalog and pricing","Edit","Catalog.Category.Edit"
"CategoryPermissions","Catalog.Category","Category","Catalog and pricing","Select","Catalog.Category.Select"
"CategoryPermissions","Catalog.Category","Category","Catalog and pricing","View","Catalog.Category.View"
"PricingPermissions","Pricing.PriceList","PriceList","Catalog and pricing","Create","Pricing.PriceList.Create"
"PricingPermissions","Pricing.PriceList","PriceList","Catalog and pricing","Delete","Pricing.PriceList.Delete"
"PricingPermissions","Pricing.PriceList","PriceList","Catalog and pricing","Edit","Pricing.PriceList.Edit"
"PricingPermissions","Pricing.PriceList","PriceList","Catalog and pricing","Select","Pricing.PriceList.Select"
"PricingPermissions","Pricing.PriceList","PriceList","Catalog and pricing","View","Pricing.PriceList.View"
"ProductPermissions","Catalog.Product","Product","Catalog and pricing","Create","Catalog.Product.Create"
"ProductPermissions","Catalog.Product","Product","Catalog and pricing","Delete","Catalog.Product.Delete"
"ProductPermissions","Catalog.Product","Product","Catalog and pricing","Edit","Catalog.Product.Edit"
"ProductPermissions","Catalog.Product","Product","Catalog and pricing","Select","Catalog.Product.Select"
"ProductPermissions","Catalog.Product","Product","Catalog and pricing","View","Catalog.Product.View"
"ProductPackagePermissions","Catalog.ProductPackage","ProductPackage","Catalog and pricing","Create","Catalog.ProductPackage.Create"
"ProductPackagePermissions","Catalog.ProductPackage","ProductPackage","Catalog and pricing","Delete","Catalog.ProductPackage.Delete"
"ProductPackagePermissions","Catalog.ProductPackage","ProductPackage","Catalog and pricing","Edit","Catalog.ProductPackage.Edit"
"ProductPackagePermissions","Catalog.ProductPackage","ProductPackage","Catalog and pricing","Select","Catalog.ProductPackage.Select"
"ProductPackagePermissions","Catalog.ProductPackage","ProductPackage","Catalog and pricing","View","Catalog.ProductPackage.View"
"UnitPermissions","Catalog.Unit","Unit","Catalog and pricing","Create","Catalog.Unit.Create"
"UnitPermissions","Catalog.Unit","Unit","Catalog and pricing","Delete","Catalog.Unit.Delete"
"UnitPermissions","Catalog.Unit","Unit","Catalog and pricing","Edit","Catalog.Unit.Edit"
"UnitPermissions","Catalog.Unit","Unit","Catalog and pricing","Select","Catalog.Unit.Select"
"UnitPermissions","Catalog.Unit","Unit","Catalog and pricing","View","Catalog.Unit.View"
"VariantPermissions","Catalog.Variant","Variant","Catalog and pricing","Create","Catalog.Variant.Create"
"VariantPermissions","Catalog.Variant","Variant","Catalog and pricing","Delete","Catalog.Variant.Delete"
"VariantPermissions","Catalog.Variant","Variant","Catalog and pricing","Edit","Catalog.Variant.Edit"
"VariantPermissions","Catalog.Variant","Variant","Catalog and pricing","Select","Catalog.Variant.Select"
"VariantPermissions","Catalog.Variant","Variant","Catalog and pricing","View","Catalog.Variant.View"
"CustomerPermissions","Customers.Customer","Customer","Customers","Create","Customers.Customer.Create"
"CustomerPermissions","Customers.Customer","Customer","Customers","Delete","Customers.Customer.Delete"
"CustomerPermissions","Customers.Customer","Customer","Customers","Edit","Customers.Customer.Edit"
"CustomerPermissions","Customers.Customer","Customer","Customers","Select","Customers.Customer.Select"
"CustomerPermissions","Customers.Customer","Customer","Customers","View","Customers.Customer.View"
"CustomerGroupPermissions","Customers.CustomerGroup","CustomerGroup","Customers","Create","Customers.CustomerGroup.Create"
"CustomerGroupPermissions","Customers.CustomerGroup","CustomerGroup","Customers","Delete","Customers.CustomerGroup.Delete"
"CustomerGroupPermissions","Customers.CustomerGroup","CustomerGroup","Customers","Edit","Customers.CustomerGroup.Edit"
"CustomerGroupPermissions","Customers.CustomerGroup","CustomerGroup","Customers","Select","Customers.CustomerGroup.Select"
"CustomerGroupPermissions","Customers.CustomerGroup","CustomerGroup","Customers","View","Customers.CustomerGroup.View"
"CustomerPricingProfilePermissions","Customers.CustomerPricingProfile","CustomerPricingProfile","Customers","Create","Customers.CustomerPricingProfile.Create"
"CustomerPricingProfilePermissions","Customers.CustomerPricingProfile","CustomerPricingProfile","Customers","Delete","Customers.CustomerPricingProfile.Delete"
"CustomerPricingProfilePermissions","Customers.CustomerPricingProfile","CustomerPricingProfile","Customers","Edit","Customers.CustomerPricingProfile.Edit"
"CustomerPricingProfilePermissions","Customers.CustomerPricingProfile","CustomerPricingProfile","Customers","Select","Customers.CustomerPricingProfile.Select"
"CustomerPricingProfilePermissions","Customers.CustomerPricingProfile","CustomerPricingProfile","Customers","View","Customers.CustomerPricingProfile.View"
"SystemSettingsPermissions","GeneralSettings.SystemSettings","SystemSettings","General settings","Create","GeneralSettings.SystemSettings.Create"
"SystemSettingsPermissions","GeneralSettings.SystemSettings","SystemSettings","General settings","Edit","GeneralSettings.SystemSettings.Edit"
"SystemSettingsPermissions","GeneralSettings.SystemSettings","SystemSettings","General settings","Select","GeneralSettings.SystemSettings.Select"
"SystemSettingsPermissions","GeneralSettings.SystemSettings","SystemSettings","General settings","View","GeneralSettings.SystemSettings.View"
"AcademicInistitutionPermissions","Employees.AcademicInistitution","AcademicInistitution","HR employees","Create","Employees.AcademicInistitution.Create"
"AcademicInistitutionPermissions","Employees.AcademicInistitution","AcademicInistitution","HR employees","Delete","Employees.AcademicInistitution.Delete"
"AcademicInistitutionPermissions","Employees.AcademicInistitution","AcademicInistitution","HR employees","Edit","Employees.AcademicInistitution.Edit"
"AcademicInistitutionPermissions","Employees.AcademicInistitution","AcademicInistitution","HR employees","Select","Employees.AcademicInistitution.Select"
"AcademicInistitutionPermissions","Employees.AcademicInistitution","AcademicInistitution","HR employees","View","Employees.AcademicInistitution.View"
"EmployeePermissions","Employees.Employee","Employee","HR employees","Create","Employees.Employee.Create"
"EmployeePermissions","Employees.Employee","Employee","HR employees","Delete","Employees.Employee.Delete"
"EmployeePermissions","Employees.Employee","Employee","HR employees","Edit","Employees.Employee.Edit"
"EmployeePermissions","Employees.Employee","Employee","HR employees","Select","Employees.Employee.Select"
"EmployeePermissions","Employees.Employee","Employee","HR employees","View","Employees.Employee.View"
"PositionPermissions","Employees.Position","Position","HR employees","Create","Employees.Position.Create"
"PositionPermissions","Employees.Position","Position","HR employees","Delete","Employees.Position.Delete"
"PositionPermissions","Employees.Position","Position","HR employees","Edit","Employees.Position.Edit"
"PositionPermissions","Employees.Position","Position","HR employees","Select","Employees.Position.Select"
"PositionPermissions","Employees.Position","Position","HR employees","View","Employees.Position.View"
"SpecializationPermissions","Employees.Specialization","Specialization","HR employees","Create","Employees.Specialization.Create"
"SpecializationPermissions","Employees.Specialization","Specialization","HR employees","Delete","Employees.Specialization.Delete"
"SpecializationPermissions","Employees.Specialization","Specialization","HR employees","Edit","Employees.Specialization.Edit"
"SpecializationPermissions","Employees.Specialization","Specialization","HR employees","Select","Employees.Specialization.Select"
"SpecializationPermissions","Employees.Specialization","Specialization","HR employees","View","Employees.Specialization.View"
"BatchPermissions","Inventory.Batch","Batch","Inventory","Create","Inventory.Batch.Create"
"BatchPermissions","Inventory.Batch","Batch","Inventory","Delete","Inventory.Batch.Delete"
"BatchPermissions","Inventory.Batch","Batch","Inventory","Edit","Inventory.Batch.Edit"
"BatchPermissions","Inventory.Batch","Batch","Inventory","Select","Inventory.Batch.Select"
"BatchPermissions","Inventory.Batch","Batch","Inventory","View","Inventory.Batch.View"
"InventoryPermissions","Inventory.Inventory","Inventory","Inventory","Create","Inventory.Inventory.Create"
"InventoryPermissions","Inventory.Inventory","Inventory","Inventory","Delete","Inventory.Inventory.Delete"
"InventoryPermissions","Inventory.Inventory","Inventory","Inventory","Edit","Inventory.Inventory.Edit"
"InventoryPermissions","Inventory.Inventory","Inventory","Inventory","Select","Inventory.Inventory.Select"
"InventoryPermissions","Inventory.Inventory","Inventory","Inventory","View","Inventory.Inventory.View"
"InventoryItemPermissions","Inventory.InventoryItem","InventoryItem","Inventory","Create","Inventory.InventoryItem.Create"
"InventoryItemPermissions","Inventory.InventoryItem","InventoryItem","Inventory","Delete","Inventory.InventoryItem.Delete"
"InventoryItemPermissions","Inventory.InventoryItem","InventoryItem","Inventory","Edit","Inventory.InventoryItem.Edit"
"InventoryItemPermissions","Inventory.InventoryItem","InventoryItem","Inventory","Select","Inventory.InventoryItem.Select"
"InventoryItemPermissions","Inventory.InventoryItem","InventoryItem","Inventory","View","Inventory.InventoryItem.View"
"StockTransactionPermissions","Inventory.StockTransaction","StockTransaction","Inventory","Create","Inventory.StockTransaction.Create"
"StockTransactionPermissions","Inventory.StockTransaction","StockTransaction","Inventory","Delete","Inventory.StockTransaction.Delete"
"StockTransactionPermissions","Inventory.StockTransaction","StockTransaction","Inventory","Edit","Inventory.StockTransaction.Edit"
"StockTransactionPermissions","Inventory.StockTransaction","StockTransaction","Inventory","Select","Inventory.StockTransaction.Select"
"StockTransactionPermissions","Inventory.StockTransaction","StockTransaction","Inventory","View","Inventory.StockTransaction.View"
"WarehousePermissions","Inventory.Warehouse","Warehouse","Inventory","Create","Inventory.Warehouse.Create"
"WarehousePermissions","Inventory.Warehouse","Warehouse","Inventory","Delete","Inventory.Warehouse.Delete"
"WarehousePermissions","Inventory.Warehouse","Warehouse","Inventory","Edit","Inventory.Warehouse.Edit"
"WarehousePermissions","Inventory.Warehouse","Warehouse","Inventory","Select","Inventory.Warehouse.Select"
"WarehousePermissions","Inventory.Warehouse","Warehouse","Inventory","View","Inventory.Warehouse.View"
"AdministrationPermissions","Organization.Administration","Administration","Organization","Create","Organization.Administration.Create"
"AdministrationPermissions","Organization.Administration","Administration","Organization","Delete","Organization.Administration.Delete"
"AdministrationPermissions","Organization.Administration","Administration","Organization","Edit","Organization.Administration.Edit"
"AdministrationPermissions","Organization.Administration","Administration","Organization","Select","Organization.Administration.Select"
"AdministrationPermissions","Organization.Administration","Administration","Organization","View","Organization.Administration.View"
"BranchPermissions","Organization.Branch","Branch","Organization","Create","Organization.Branch.Create"
"BranchPermissions","Organization.Branch","Branch","Organization","Delete","Organization.Branch.Delete"
"BranchPermissions","Organization.Branch","Branch","Organization","Edit","Organization.Branch.Edit"
"BranchPermissions","Organization.Branch","Branch","Organization","Select","Organization.Branch.Select"
"BranchPermissions","Organization.Branch","Branch","Organization","View","Organization.Branch.View"
"CompanyPermissions","Organization.Company","Company","Organization","Create","Organization.Company.Create"
"CompanyPermissions","Organization.Company","Company","Organization","CreateChild","Organization.Company.CreateChild"
"CompanyPermissions","Organization.Company","Company","Organization","Delete","Organization.Company.Delete"
"CompanyPermissions","Organization.Company","Company","Organization","DisableChild","Organization.Company.DisableChild"
"CompanyPermissions","Organization.Company","Company","Organization","Edit","Organization.Company.Edit"
"CompanyPermissions","Organization.Company","Company","Organization","EditChild","Organization.Company.EditChild"
"CompanyPermissions","Organization.Company","Company","Organization","ResetChildAdminPassword","Organization.Company.ResetChildAdminPassword"
"CompanyPermissions","Organization.Company","Company","Organization","Select","Organization.Company.Select"
"CompanyPermissions","Organization.Company","Company","Organization","View","Organization.Company.View"
"CompanyPermissions","Organization.Company","Company","Organization","ViewChild","Organization.Company.ViewChild"
"DepartmentPermissions","Organization.Department","Department","Organization","Create","Organization.Department.Create"
"DepartmentPermissions","Organization.Department","Department","Organization","Delete","Organization.Department.Delete"
"DepartmentPermissions","Organization.Department","Department","Organization","Edit","Organization.Department.Edit"
"DepartmentPermissions","Organization.Department","Department","Organization","Select","Organization.Department.Select"
"DepartmentPermissions","Organization.Department","Department","Organization","View","Organization.Department.View"
"PayrollContractPermissions","Payroll.Contract","Contract","Payroll","Create","Payroll.Contract.Create"
"PayrollContractPermissions","Payroll.Contract","Contract","Payroll","Delete","Payroll.Contract.Delete"
"PayrollContractPermissions","Payroll.Contract","Contract","Payroll","Edit","Payroll.Contract.Edit"
"PayrollContractPermissions","Payroll.Contract","Contract","Payroll","Select","Payroll.Contract.Select"
"PayrollContractPermissions","Payroll.Contract","Contract","Payroll","View","Payroll.Contract.View"
"PayrollLoanPermissions","Payroll.Loan","Loan","Payroll","Approve","Payroll.Loan.Approve"
"PayrollLoanPermissions","Payroll.Loan","Loan","Payroll","Cancel","Payroll.Loan.Cancel"
"PayrollLoanPermissions","Payroll.Loan","Loan","Payroll","Create","Payroll.Loan.Create"
"PayrollLoanPermissions","Payroll.Loan","Loan","Payroll","Edit","Payroll.Loan.Edit"
"PayrollLoanPermissions","Payroll.Loan","Loan","Payroll","Select","Payroll.Loan.Select"
"PayrollLoanPermissions","Payroll.Loan","Loan","Payroll","View","Payroll.Loan.View"
"SalaryRunPermissions","Payroll.SalaryRun","SalaryRun","Payroll","AdminOverride","Payroll.SalaryRun.AdminOverride"
"SalaryRunPermissions","Payroll.SalaryRun","SalaryRun","Payroll","Approve","Payroll.SalaryRun.Approve"
"SalaryRunPermissions","Payroll.SalaryRun","SalaryRun","Payroll","Create","Payroll.SalaryRun.Create"
"SalaryRunPermissions","Payroll.SalaryRun","SalaryRun","Payroll","Edit","Payroll.SalaryRun.Edit"
"SalaryRunPermissions","Payroll.SalaryRun","SalaryRun","Payroll","Select","Payroll.SalaryRun.Select"
"SalaryRunPermissions","Payroll.SalaryRun","SalaryRun","Payroll","View","Payroll.SalaryRun.View"
"GoodsReceiptPermissions","Procurement.GoodsReceipt","GoodsReceipt","Procurement","Cancel","Procurement.GoodsReceipt.Cancel"
"GoodsReceiptPermissions","Procurement.GoodsReceipt","GoodsReceipt","Procurement","Create","Procurement.GoodsReceipt.Create"
"GoodsReceiptPermissions","Procurement.GoodsReceipt","GoodsReceipt","Procurement","Delete","Procurement.GoodsReceipt.Delete"
"GoodsReceiptPermissions","Procurement.GoodsReceipt","GoodsReceipt","Procurement","Edit","Procurement.GoodsReceipt.Edit"
"GoodsReceiptPermissions","Procurement.GoodsReceipt","GoodsReceipt","Procurement","Receive","Procurement.GoodsReceipt.Receive"
"GoodsReceiptPermissions","Procurement.GoodsReceipt","GoodsReceipt","Procurement","Select","Procurement.GoodsReceipt.Select"
"GoodsReceiptPermissions","Procurement.GoodsReceipt","GoodsReceipt","Procurement","View","Procurement.GoodsReceipt.View"
"PurchaseOrderPermissions","Procurement.PurchaseOrder","PurchaseOrder","Procurement","Approve","Procurement.PurchaseOrder.Approve"
"PurchaseOrderPermissions","Procurement.PurchaseOrder","PurchaseOrder","Procurement","Cancel","Procurement.PurchaseOrder.Cancel"
"PurchaseOrderPermissions","Procurement.PurchaseOrder","PurchaseOrder","Procurement","Close","Procurement.PurchaseOrder.Close"
"PurchaseOrderPermissions","Procurement.PurchaseOrder","PurchaseOrder","Procurement","Create","Procurement.PurchaseOrder.Create"
"PurchaseOrderPermissions","Procurement.PurchaseOrder","PurchaseOrder","Procurement","Delete","Procurement.PurchaseOrder.Delete"
"PurchaseOrderPermissions","Procurement.PurchaseOrder","PurchaseOrder","Procurement","Edit","Procurement.PurchaseOrder.Edit"
"PurchaseOrderPermissions","Procurement.PurchaseOrder","PurchaseOrder","Procurement","Receive","Procurement.PurchaseOrder.Receive"
"PurchaseOrderPermissions","Procurement.PurchaseOrder","PurchaseOrder","Procurement","Select","Procurement.PurchaseOrder.Select"
"PurchaseOrderPermissions","Procurement.PurchaseOrder","PurchaseOrder","Procurement","Submit","Procurement.PurchaseOrder.Submit"
"PurchaseOrderPermissions","Procurement.PurchaseOrder","PurchaseOrder","Procurement","View","Procurement.PurchaseOrder.View"
"PurchaseRequestPermissions","Procurement.PurchaseRequest","PurchaseRequest","Procurement","Approve","Procurement.PurchaseRequest.Approve"
"PurchaseRequestPermissions","Procurement.PurchaseRequest","PurchaseRequest","Procurement","Cancel","Procurement.PurchaseRequest.Cancel"
"PurchaseRequestPermissions","Procurement.PurchaseRequest","PurchaseRequest","Procurement","Close","Procurement.PurchaseRequest.Close"
"PurchaseRequestPermissions","Procurement.PurchaseRequest","PurchaseRequest","Procurement","Create","Procurement.PurchaseRequest.Create"
"PurchaseRequestPermissions","Procurement.PurchaseRequest","PurchaseRequest","Procurement","Delete","Procurement.PurchaseRequest.Delete"
"PurchaseRequestPermissions","Procurement.PurchaseRequest","PurchaseRequest","Procurement","Edit","Procurement.PurchaseRequest.Edit"
"PurchaseRequestPermissions","Procurement.PurchaseRequest","PurchaseRequest","Procurement","Reject","Procurement.PurchaseRequest.Reject"
"PurchaseRequestPermissions","Procurement.PurchaseRequest","PurchaseRequest","Procurement","Select","Procurement.PurchaseRequest.Select"
"PurchaseRequestPermissions","Procurement.PurchaseRequest","PurchaseRequest","Procurement","Submit","Procurement.PurchaseRequest.Submit"
"PurchaseRequestPermissions","Procurement.PurchaseRequest","PurchaseRequest","Procurement","View","Procurement.PurchaseRequest.View"
"PurchaseReturnPermissions","Procurement.PurchaseReturn","PurchaseReturn","Procurement","Cancel","Procurement.PurchaseReturn.Cancel"
"PurchaseReturnPermissions","Procurement.PurchaseReturn","PurchaseReturn","Procurement","Create","Procurement.PurchaseReturn.Create"
"PurchaseReturnPermissions","Procurement.PurchaseReturn","PurchaseReturn","Procurement","Delete","Procurement.PurchaseReturn.Delete"
"PurchaseReturnPermissions","Procurement.PurchaseReturn","PurchaseReturn","Procurement","Edit","Procurement.PurchaseReturn.Edit"
"PurchaseReturnPermissions","Procurement.PurchaseReturn","PurchaseReturn","Procurement","Receive","Procurement.PurchaseReturn.Receive"
"PurchaseReturnPermissions","Procurement.PurchaseReturn","PurchaseReturn","Procurement","Select","Procurement.PurchaseReturn.Select"
"PurchaseReturnPermissions","Procurement.PurchaseReturn","PurchaseReturn","Procurement","View","Procurement.PurchaseReturn.View"
"RequestForQuotationPermissions","Procurement.RequestForQuotation","RequestForQuotation","Procurement","Cancel","Procurement.RequestForQuotation.Cancel"
"RequestForQuotationPermissions","Procurement.RequestForQuotation","RequestForQuotation","Procurement","Close","Procurement.RequestForQuotation.Close"
"RequestForQuotationPermissions","Procurement.RequestForQuotation","RequestForQuotation","Procurement","Create","Procurement.RequestForQuotation.Create"
"RequestForQuotationPermissions","Procurement.RequestForQuotation","RequestForQuotation","Procurement","Delete","Procurement.RequestForQuotation.Delete"
"RequestForQuotationPermissions","Procurement.RequestForQuotation","RequestForQuotation","Procurement","Edit","Procurement.RequestForQuotation.Edit"
"RequestForQuotationPermissions","Procurement.RequestForQuotation","RequestForQuotation","Procurement","Select","Procurement.RequestForQuotation.Select"
"RequestForQuotationPermissions","Procurement.RequestForQuotation","RequestForQuotation","Procurement","Submit","Procurement.RequestForQuotation.Submit"
"RequestForQuotationPermissions","Procurement.RequestForQuotation","RequestForQuotation","Procurement","View","Procurement.RequestForQuotation.View"
"CartPermissions","Cart.Cart","Cart","Sales, POS, and orders","Checkout","Cart.Cart.Checkout"
"CartPermissions","Cart.Cart","Cart","Sales, POS, and orders","Create","Cart.Cart.Create"
"CartPermissions","Cart.Cart","Cart","Sales, POS, and orders","Delete","Cart.Cart.Delete"
"CartPermissions","Cart.Cart","Cart","Sales, POS, and orders","Edit","Cart.Cart.Edit"
"CartPermissions","Cart.Cart","Cart","Sales, POS, and orders","Select","Cart.Cart.Select"
"CartPermissions","Cart.Cart","Cart","Sales, POS, and orders","View","Cart.Cart.View"
"OrderIntakePermissions","Orders.Intake","Intake","Sales, POS, and orders","Accept","Orders.Intake.Accept"
"OrderIntakePermissions","Orders.Intake","Intake","Sales, POS, and orders","Create","Orders.Intake.Create"
"OrderIntakePermissions","Orders.Intake","Intake","Sales, POS, and orders","Delete","Orders.Intake.Delete"
"OrderIntakePermissions","Orders.Intake","Intake","Sales, POS, and orders","Edit","Orders.Intake.Edit"
"OrderIntakePermissions","Orders.Intake","Intake","Sales, POS, and orders","Reject","Orders.Intake.Reject"
"OrderIntakePermissions","Orders.Intake","Intake","Sales, POS, and orders","Select","Orders.Intake.Select"
"OrderIntakePermissions","Orders.Intake","Intake","Sales, POS, and orders","View","Orders.Intake.View"
"SalesOrderPermissions","SalesOrders.Order","Order","Sales, POS, and orders","Cancel","SalesOrders.Order.Cancel"
"SalesOrderPermissions","SalesOrders.Order","Order","Sales, POS, and orders","Complete","SalesOrders.Order.Complete"
"SalesOrderPermissions","SalesOrders.Order","Order","Sales, POS, and orders","Confirm","SalesOrders.Order.Confirm"
"SalesOrderPermissions","SalesOrders.Order","Order","Sales, POS, and orders","Create","SalesOrders.Order.Create"
"SalesOrderPermissions","SalesOrders.Order","Order","Sales, POS, and orders","Delete","SalesOrders.Order.Delete"
"SalesOrderPermissions","SalesOrders.Order","Order","Sales, POS, and orders","Deliver","SalesOrders.Order.Deliver"
"SalesOrderPermissions","SalesOrders.Order","Order","Sales, POS, and orders","Edit","SalesOrders.Order.Edit"
"SalesOrderPermissions","SalesOrders.Order","Order","Sales, POS, and orders","Invoice","SalesOrders.Order.Invoice"
"SalesOrderPermissions","SalesOrders.Order","Order","Sales, POS, and orders","Return","SalesOrders.Order.Return"
"SalesOrderPermissions","SalesOrders.Order","Order","Sales, POS, and orders","Select","SalesOrders.Order.Select"
"SalesOrderPermissions","SalesOrders.Order","Order","Sales, POS, and orders","View","SalesOrders.Order.View"
"SalesOrderPermissions","SalesOrders.Order","Order","Sales, POS, and orders","ViewReports","SalesOrders.Order.ViewReports"
"PaymentPermissions","Payments.Payment","Payment","Sales, POS, and orders","Approve","Payments.Payment.Approve"
"PaymentPermissions","Payments.Payment","Payment","Sales, POS, and orders","Create","Payments.Payment.Create"
"PaymentPermissions","Payments.Payment","Payment","Sales, POS, and orders","Refund","Payments.Payment.Refund"
"PaymentPermissions","Payments.Payment","Payment","Sales, POS, and orders","Reject","Payments.Payment.Reject"
"PaymentPermissions","Payments.Payment","Payment","Sales, POS, and orders","Select","Payments.Payment.Select"
"PaymentPermissions","Payments.Payment","Payment","Sales, POS, and orders","View","Payments.Payment.View"
"SupplierPermissions","Suppliers.Supplier","Supplier","Suppliers","Create","Suppliers.Supplier.Create"
"SupplierPermissions","Suppliers.Supplier","Supplier","Suppliers","Delete","Suppliers.Supplier.Delete"
"SupplierPermissions","Suppliers.Supplier","Supplier","Suppliers","Edit","Suppliers.Supplier.Edit"
"SupplierPermissions","Suppliers.Supplier","Supplier","Suppliers","Select","Suppliers.Supplier.Select"
"SupplierPermissions","Suppliers.Supplier","Supplier","Suppliers","View","Suppliers.Supplier.View"
"SupplierGroupPermissions","Suppliers.SupplierGroup","SupplierGroup","Suppliers","Create","Suppliers.SupplierGroup.Create"
"SupplierGroupPermissions","Suppliers.SupplierGroup","SupplierGroup","Suppliers","Delete","Suppliers.SupplierGroup.Delete"
"SupplierGroupPermissions","Suppliers.SupplierGroup","SupplierGroup","Suppliers","Edit","Suppliers.SupplierGroup.Edit"
"SupplierGroupPermissions","Suppliers.SupplierGroup","SupplierGroup","Suppliers","Select","Suppliers.SupplierGroup.Select"
"SupplierGroupPermissions","Suppliers.SupplierGroup","SupplierGroup","Suppliers","View","Suppliers.SupplierGroup.View"
"SupplierInvoicePermissions","Procurement.SupplierInvoice","SupplierInvoice","Suppliers","Approve","Procurement.SupplierInvoice.Approve"
"SupplierInvoicePermissions","Procurement.SupplierInvoice","SupplierInvoice","Suppliers","Cancel","Procurement.SupplierInvoice.Cancel"
"SupplierInvoicePermissions","Procurement.SupplierInvoice","SupplierInvoice","Suppliers","Close","Procurement.SupplierInvoice.Close"
"SupplierInvoicePermissions","Procurement.SupplierInvoice","SupplierInvoice","Suppliers","Create","Procurement.SupplierInvoice.Create"
"SupplierInvoicePermissions","Procurement.SupplierInvoice","SupplierInvoice","Suppliers","Delete","Procurement.SupplierInvoice.Delete"
"SupplierInvoicePermissions","Procurement.SupplierInvoice","SupplierInvoice","Suppliers","Edit","Procurement.SupplierInvoice.Edit"
"SupplierInvoicePermissions","Procurement.SupplierInvoice","SupplierInvoice","Suppliers","Select","Procurement.SupplierInvoice.Select"
"SupplierInvoicePermissions","Procurement.SupplierInvoice","SupplierInvoice","Suppliers","View","Procurement.SupplierInvoice.View"
"SupplierQuotationPermissions","Procurement.SupplierQuotation","SupplierQuotation","Suppliers","Approve","Procurement.SupplierQuotation.Approve"
"SupplierQuotationPermissions","Procurement.SupplierQuotation","SupplierQuotation","Suppliers","Create","Procurement.SupplierQuotation.Create"
"SupplierQuotationPermissions","Procurement.SupplierQuotation","SupplierQuotation","Suppliers","Delete","Procurement.SupplierQuotation.Delete"
"SupplierQuotationPermissions","Procurement.SupplierQuotation","SupplierQuotation","Suppliers","Edit","Procurement.SupplierQuotation.Edit"
"SupplierQuotationPermissions","Procurement.SupplierQuotation","SupplierQuotation","Suppliers","Reject","Procurement.SupplierQuotation.Reject"
"SupplierQuotationPermissions","Procurement.SupplierQuotation","SupplierQuotation","Suppliers","Select","Procurement.SupplierQuotation.Select"
"SupplierQuotationPermissions","Procurement.SupplierQuotation","SupplierQuotation","Suppliers","View","Procurement.SupplierQuotation.View"
"TaskManagementPermissions","TaskManagement.Task","Task","Task management","Assign","TaskManagement.Task.Assign"
"TaskManagementPermissions","TaskManagement.Task","Task","Task management","Close","TaskManagement.Task.Close"
"TaskManagementPermissions","TaskManagement.Task","Task","Task management","Comment","TaskManagement.Task.Comment"
"TaskManagementPermissions","TaskManagement.Task","Task","Task management","Create","TaskManagement.Task.Create"
"TaskManagementPermissions","TaskManagement.Task","Task","Task management","Delete","TaskManagement.Task.Delete"
"TaskManagementPermissions","TaskManagement.Task","Task","Task management","Edit","TaskManagement.Task.Edit"
"TaskManagementPermissions","TaskManagement.Task","Task","Task management","ManageAllTasks","TaskManagement.Task.ManageAllTasks"
"TaskManagementPermissions","TaskManagement.Task","Task","Task management","Reassign","TaskManagement.Task.Reassign"
"TaskManagementPermissions","TaskManagement.Task","Task","Task management","Select","TaskManagement.Task.Select"
"TaskManagementPermissions","TaskManagement.Task","Task","Task management","View","TaskManagement.Task.View"
"TaskManagementPermissions","TaskManagement.Task","Task","Task management","ViewReports","TaskManagement.Task.ViewReports"
